-- phpMyAdmin SQL Dump
-- version 5.2.0
-- https://www.phpmyadmin.net/
--
-- Servidor: 127.0.0.1
-- Tiempo de generación: 17-05-2023 a las 22:31:37
-- Versión del servidor: 10.4.25-MariaDB
-- Versión de PHP: 7.4.30

SET SQL_MODE = "NO_AUTO_VALUE_ON_ZERO";
START TRANSACTION;
SET time_zone = "+00:00";


/*!40101 SET @OLD_CHARACTER_SET_CLIENT=@@CHARACTER_SET_CLIENT */;
/*!40101 SET @OLD_CHARACTER_SET_RESULTS=@@CHARACTER_SET_RESULTS */;
/*!40101 SET @OLD_COLLATION_CONNECTION=@@COLLATION_CONNECTION */;
/*!40101 SET NAMES utf8mb4 */;

--
-- Base de datos: `bdusuario`
--

-- --------------------------------------------------------

--
-- Estructura de tabla para la tabla `especialidad`
--

CREATE TABLE `especialidad` (
  `idespecialidad` int(11) NOT NULL,
  `especialidad` varchar(50) CHARACTER SET utf8 COLLATE utf8_spanish_ci NOT NULL
) ENGINE=InnoDB DEFAULT CHARSET=latin1;

--
-- Volcado de datos para la tabla `especialidad`
--

INSERT INTO `especialidad` (`idespecialidad`, `especialidad`) VALUES
(1, 'ADMINISTRACION DE CENTROS DE COMPUTO'),
(2, 'ADMINISTRACION DE EMPRESAS'),
(3, 'ADMINISTRACION DE NEGOCIOS AGROPECUARIOS'),
(4, 'ADMINISTRACION DE NEGOCIOS INTERNACIONALES'),
(5, 'ADMINISTRACION DE RECURSOS AGROPECUARIOS Y FORESTA'),
(6, 'ADMINISTRACION DE RECURSOS FORESTALES'),
(7, 'ADMINISTRACION DE REDES Y COMUNICACIONES'),
(8, 'ADMINISTRACION DE SERVICIOS DE HOSTELERIA'),
(9, 'ADMINISTRACION DE SERVICIOS DE HOSTELERIA Y RESTAU'),
(10, 'ADMINISTRACI?N EJECUTIVA'),
(11, 'ARQUITECTURA'),
(12, 'ARQUITECTURA DE PLATAFORMAS Y SERVICIOS DE TECNOLO'),
(13, 'COMPUTACION E INFORMATICA'),
(14, 'CONSTRUCCION CIVIL'),
(15, 'CONTABILIDAD'),
(16, 'DESARROLLO DE SISTEMAS DE INFORMACION'),
(17, 'DISE?O DE MODAS'),
(18, 'DISE?O GRAFICO'),
(19, 'DISE?O PUBLICITARIO'),
(20, 'DISE?O Y PROGRAMACION WEB'),
(21, 'EDUCACION'),
(22, 'EFERMERIA TECNICA'),
(23, 'ELECTRICIDAD INDUSTRIAL'),
(24, 'ELECTRONICA INDUSTRIAL'),
(25, 'ELECTROTECNIA INDUSTRIAL'),
(26, 'EMPLEABILIDAD'),
(27, 'ENFERMERIA TECNICA'),
(28, 'ENFERMERIA TECNICA INTERCULTURAL'),
(29, 'EXPLOTACION MINERA'),
(30, 'FARMACIA TECNICA'),
(31, 'GUIA OFICIAL DE TURISMO'),
(32, 'INDUSTRIAS ALIMENTARIAS'),
(33, 'INGENIERIA ZOOTECNIA'),
(34, 'LABORATORIO CLINICO'),
(35, 'LABORATORIO CLINICO Y ANALISIS PATOLOGICO'),
(36, 'MANTENIMIENTO DE MAQUINARIA PESADA'),
(37, 'MATEMATICA'),
(38, 'MECANICA AGRICOLA'),
(39, 'MECANICA AUTOMOTRIZ'),
(40, 'MECANICA DE PRODUCCION'),
(41, 'MECATRONICA AUTOMOTRIZ'),
(42, 'METALURGIA'),
(43, 'NEGOCIOS AGROPECUARIOS'),
(44, 'OTROS'),
(45, 'PLANEAMIENTO Y CONTROL DE PROYECTOS DE CONSTRUCCIO'),
(46, 'PRODUCCION AGROPECUARIA'),
(47, 'PRODUCCION DE CONFECCIONES'),
(48, 'PROTESIS DENTAL'),
(49, 'QUIMICA INDUSTRIAL'),
(50, 'SECRETARIADO EJECUTIVO'),
(51, 'TECNICA EN FARMACIA'),
(52, 'TECNOLOGIA EN PETROLEO Y REFINACION'),
(53, 'TECNOLOGIA PESQUERA'),
(54, 'TECNOLOGIA PESQUERA Y ACUICOLA'),
(55, 'TRANSVERSALES'),
(56, 'TURISMO');

-- --------------------------------------------------------

--
-- Estructura de tabla para la tabla `genero`
--

CREATE TABLE `genero` (
  `idgenero` int(11) NOT NULL,
  `genero` varchar(30) NOT NULL
) ENGINE=InnoDB DEFAULT CHARSET=latin1;

--
-- Volcado de datos para la tabla `genero`
--

INSERT INTO `genero` (`idgenero`, `genero`) VALUES
(1, 'Femenino'),
(2, 'masculino');

-- --------------------------------------------------------

--
-- Estructura de tabla para la tabla `region`
--

CREATE TABLE `region` (
  `idregion` int(11) NOT NULL,
  `region` varchar(50) CHARACTER SET utf8 COLLATE utf8_spanish_ci NOT NULL
) ENGINE=InnoDB DEFAULT CHARSET=latin1;

--
-- Volcado de datos para la tabla `region`
--

INSERT INTO `region` (`idregion`, `region`) VALUES
(1, 'LIMA'),
(2, 'LA LIBERTAD'),
(3, 'ICA'),
(4, 'CAJAMARCA'),
(5, 'HU?NUCO'),
(6, 'PASCO'),
(7, 'LORETO'),
(8, 'TACNA'),
(9, 'SAN MART?N'),
(10, 'AMAZONAS'),
(11, 'APUR?MAC'),
(12, 'AYACUCHO'),
(13, 'PIURA'),
(14, 'JUN?N'),
(15, 'AREQUIPA'),
(16, 'PUNO'),
(17, 'HUANCAVELICA'),
(18, 'LIMA PROVINCIA'),
(19, '?NCASH'),
(20, 'MADRE DE DIOS'),
(21, 'LAMBAYEQUE'),
(22, 'MOQUEGUA'),
(23, 'CUSCO'),
(24, 'UCAYALI');

-- --------------------------------------------------------

--
-- Estructura de tabla para la tabla `usuario`
--

CREATE TABLE `usuario` (
  `id` int(11) NOT NULL,
  `nombres` varchar(50) CHARACTER SET utf8mb4 COLLATE utf8mb4_spanish_ci NOT NULL,
  `apellidos` varchar(50) CHARACTER SET utf8mb4 COLLATE utf8mb4_spanish_ci NOT NULL,
  `idregion` int(11) NOT NULL,
  `idespecialidad` int(11) NOT NULL,
  `idgenero` int(11) NOT NULL
) ENGINE=InnoDB DEFAULT CHARSET=latin1;

--
-- Volcado de datos para la tabla `usuario`
--

INSERT INTO `usuario` (`id`, `nombres`, `apellidos`, `idregion`, `idespecialidad`, `idgenero`) VALUES
(1, 'Yrina', 'Campomanes', 1, 13, 1),
(2, 'VICENTE MELITON', 'TAFUR HERNANDEZ', 2, 34, 2),
(3, 'JOSE STALIN', 'REYES SANTOS', 1, 47, 2),
(4, 'CAROL SINDY', 'SAAVEDRA CERNA', 1, 47, 1),
(5, 'OLGA LIDIA', 'C?RDOBA CASTRO', 1, 47, 1),
(6, 'CARMEN ROSA', 'ARTEAGA QUISPE', 1, 47, 1),
(7, 'CESAR GONZALO', 'ARIAS ESTUPI?AN', 1, 9, 2),
(8, 'ERICK RONNY', 'GUTIERREZ TORPOCO', 1, 45, 2),
(9, 'MALENA ASUZENA', 'GUERRERO FLORES', 1, 9, 1),
(10, 'CLARET ANDREA', 'GONZALES TTITO', 1, 9, 1),
(11, 'KAREN', 'DIAZ SANCHEZ', 1, 47, 1),
(12, 'ANGELA FLOR', 'BARBA QUISPE', 1, 47, 1),
(13, 'JULIO CESAR', 'YBA?EZ GORDILLO', 1, 47, 2),
(14, 'PEDRO FELIPE', 'OCHATOMA RODRIGUEZ', 1, 9, 2),
(15, 'JOSE AUGUSTO', 'AGUEDO VILLACORTA', 1, 45, 2),
(16, 'CESAR ROLANDO', 'MENDOZA VILLAVICENCIO', 1, 47, 2),
(17, 'LUIS MIGUEL', 'GOMEZ QUISOCCALA', 1, 45, 2),
(18, 'MANUEL ALEXANDER', 'IBARRA VENTURA', 1, 45, 2),
(19, 'JEYSON JHOSEP ESTEBAN', 'AMARO ROJAS', 1, 45, 2),
(20, 'SILVESTRE TEODULO', 'GUTIERREZ SIERRALTA', 3, 32, 2),
(21, 'CARMEN ESTEFANIA', 'HERNANDEZ HUARCAYA', 3, 50, 1),
(22, 'JESUS VICENTE', 'ALVITES ARUCANQUI', 3, 38, 2),
(23, 'LUIS HUMBERTO', 'GUERRA BALDEON', 3, 32, 2),
(24, 'JAIME AUGUSTO', 'HERNANDEZ HERNANDEZ', 3, 38, 1),
(25, 'ELIO ISAAC', 'HUAMAN REBATTA', 3, 50, 2),
(26, 'CESAR AUGUSTO', 'NAVARRO TASAICO', 3, 38, 2),
(27, 'NOE ERIC', 'PEREZ HERRERA', 3, 50, 2),
(28, 'MARIBEL MARIA', 'VENTURA LOPEZ', 3, 50, 1),
(29, 'PEDRO AUGUSTO', 'HUAMAN PACUTAIPE', 3, 32, 2),
(30, 'Carmen Rosa', 'Huarcaya Carhuayo', 3, 50, 1),
(31, 'Nilton Cesar', 'Navarro Hernandez', 3, 38, 2),
(32, 'Karen Nadezhda Marisa del Rosario', 'La Rosa Aparcana', 3, 50, 1),
(33, 'LILIANA FLAVIA', 'PAREDES TICLIO', 4, 51, 1),
(34, 'LUIS ENRIQUE', 'GONZALES CABALLERO', 4, 2, 2),
(35, 'JAVIER ESGARDO', 'FLORIAN LEON', 4, 2, 2),
(36, 'ROSA MARDELY', 'DEZA NURE?A', 4, 51, 1),
(37, 'CESAR MARIO', 'ZAMBRANO CASTA?EDA', 4, 51, 2),
(38, 'ORLANDO', 'VILLAR CABRERA', 4, 2, 2),
(39, 'NIVARDO', 'MORALES NACION', 5, 27, 2),
(40, 'RUBINA VICTORIO', 'NELIA DORIS', 5, 14, 1),
(41, 'HELMUT EDMUNDO', 'SALAZAR ALBORNOZ', 5, 13, 2),
(42, 'GERMAN LENIN', 'ESPINOZA INOCENTE', 5, 13, 2),
(43, 'GUDELIA', 'FERNANDEZ FERRER', 5, 50, 1),
(44, 'TANIA MARIELA', 'CHUMPITAZ ARIAS', 5, 14, 1),
(45, 'ABEL', 'BEJARANO SILVA', 5, 27, 2),
(46, 'ALICIA ELIZABETH', 'HUERTO ORT?Z', 5, 13, 1),
(47, 'BELIA DORIS', 'TARAZONA LUGO', 5, 13, 1),
(48, 'YONEN YONEL', 'TONGO EVANGELISTA', 5, 13, 2),
(49, 'AITA', 'TARAZONA TUCTO', 6, 27, 1),
(50, 'CINDY MARIBEL', 'RUIZ SALAS', 6, 27, 1),
(51, 'Wuilmer Wualter', 'JUSTINIANO SEBASTIAN', 6, 21, 2),
(52, 'MAR?A LUISA', 'ANCHANTE LUJ?N', 3, 27, 1),
(53, 'SILVIA MARIL?', 'ANAMPA ZAMORA', 3, 50, 1),
(54, 'DORIS DIANA', 'AQUIJE GUZM?N', 3, 48, 1),
(55, 'CARMEN MERCEDES', 'ANICAMA LAVARELLO', 3, 48, 1),
(56, 'AMPARO YURLY', 'CABRERA HERN?NDEZ', 3, 32, 1),
(57, 'KARHOL LILIA', 'BONIFACIO MOREYRA', 3, 27, 1),
(58, 'CARMEN RAQUEL', 'HUAM?N CANELA', 3, 50, 1),
(59, 'EVARISTO CALIXTO', 'DE LA CRUZ CASTILL?N', 3, 32, 2),
(60, 'JULIA AIDA', 'HUAMANCULI CUCHO', 3, 27, 1),
(61, 'REYDY RUTH', 'CASAVILCA ORME?O', 3, 50, 1),
(62, 'JES?S SABINO', 'GARC?A GAMBOA', 3, 27, 2),
(63, 'DEISY IN?S', 'D?AZ APARICIO', 3, 50, 1),
(64, 'PIERO ANDR?S', 'HUAYAMARES TORRES', 3, 27, 2),
(65, '?NGEL', 'JAULLA ROJAS', 3, 39, 2),
(66, 'ERICK DANIEL', 'MU?OZ GUERRERO', 3, 48, 2),
(67, 'VICTOR HUGO', 'MATTA UCHUYA', 3, 27, 2),
(68, 'PEDRO PABLO', 'MEJ?A CANCHARI', 3, 41, 2),
(69, 'NELLY RENE?', 'HUAMAN? LARA DE ROJAS', 3, 48, 1),
(70, 'LIZBETH', 'PORTAL HUAMANTUMBA', 3, 27, 1),
(71, 'VIRGILIO CENICIO', 'QUISPE NOMBRERAS', 3, 48, 2),
(72, 'JUAN JOS?', 'NAVARRO VALDEZ', 3, 41, 2),
(73, 'NAYARITT YISELA', 'ORTEGA PALOMINO', 3, 27, 1),
(74, 'ERICK JOS?', 'RAMOS SILVA', 3, 48, 2),
(75, 'CERINEO', 'PACCSI FLORES', 3, 27, 2),
(76, 'FREDDY GEOVANNI', 'ROJAS MENDOZA', 3, 50, 2),
(77, 'ELSA PATRICIA', 'VALDEZ LOYOLA', 3, 27, 1),
(78, 'SOLEDAD', 'SANTIAGO MEJ?A', 3, 32, 1),
(79, 'JAIME BALDEMAR', 'TORRES ACASIETE', 3, 32, 2),
(80, 'LUIS ALFREDO', 'VILCA MAYO', 3, 32, 2),
(81, 'Blanca Liduvina', 'Guevara Uchuya', 3, 48, 1),
(82, 'GLORIA TERESA', 'AREVALO CORTEGANO', 7, 46, 1),
(83, 'MARLON SEXTO', 'CURTO MORI', 7, 46, 2),
(84, 'JAIME', 'SANCHEZ VILLANUEVA', 7, 46, 2),
(85, 'WALTER SANTIAGO', 'CUBAS MELENDEZ', 7, 46, 2),
(86, 'ROSA LIDIA', 'GARCIA COBE?AS', 2, 27, 1),
(87, 'MIGUEL ANGEL', 'GUTIERREZ MU?OZ', 2, 15, 2),
(88, 'ISABEL FRANCISCA', 'GAVIDIA BERMUDEZ', 2, 27, 1),
(89, 'HUMBERTO', 'DIAZ RODRIGUEZ', 2, 27, 2),
(90, 'IRIS ALIRA', 'GUTIERREZ RODRIGUEZ', 2, 27, 1),
(91, 'GARY URIGF', 'GALVEZ LAYZA', 2, 15, 2),
(92, 'MARIA ANGELICA', 'MORIN RODRIGUEZ', 2, 27, 1),
(93, 'BLANCA LYLY', 'GUZMAN ARANGURI', 2, 15, 1),
(94, 'MARIBEL YESENIA', 'IBA?EZ ESCOBEDO', 2, 27, 1),
(95, 'MERCEDES EDITA', 'ROBLES LEON', 2, 27, 1),
(96, 'VICTOR JAIME', 'POLO ROMERO', 2, 15, 2),
(97, 'YONI HERMINIO', 'RODRIGUEZ URBINA', 2, 15, 2),
(98, 'MARIA VERONICA', 'RODRIGUEZ GUTIERREZ DE ASMAT', 2, 27, 1),
(99, 'ANA MELVA', 'SANCHEZ GARCIA', 2, 15, 1),
(100, 'CLAUDIO DAVID', 'CAIPA MAMANI', 8, 12, 2),
(101, 'EVA KATY', 'CAIRO VILLEGAS', 8, 14, 1),
(102, 'RAUL SANTOS', 'CAJA?A QUISPE', 8, 40, 2),
(103, 'MARIO JESUS', 'BLAS ANGULO,', 8, 14, 2),
(104, 'CELEDONIO', 'ALCA CALIZAYA', 8, 39, 2),
(105, 'ORLANDO HUGO', 'ARCE CHIPANA', 8, 50, 2),
(106, 'PEDRO PABLO', 'CASTILLO PARISACA', 8, 23, 2),
(107, 'FRANCISCO JESUS', 'COA CONDORI', 8, 39, 2),
(108, 'DINA MERCEDES', 'CALIZAYA PERCA', 8, 15, 1),
(109, 'MIGUEL ANGEL', 'CALDERON TICONA', 8, 39, 2),
(110, 'WALTER', 'CHOQUE COPARI', 8, 23, 2),
(111, 'ALBERTO ENRIQUE', 'COHAILA BARRIOS,', 8, 24, 2),
(112, 'GUADALUPE NIEVES', 'CHOQUE CHOQUE,', 8, 40, 1),
(113, 'FELIX DIONICIO', 'CASTA?ON GUTIERREZ', 8, 46, 2),
(114, 'JORGE DIMAS', 'FLORES COAGUILA,', 8, 23, 2),
(115, 'LEOPOLDO MIGUEL', 'DANZ VARGAS', 8, 46, 2),
(116, 'HERMES REYNALDO', 'CUEVA MACHACA', 8, 39, 2),
(117, 'NILDA BERTHA', 'GARCIA CASTRO', 8, 50, 1),
(118, 'LEONARDO', 'FLORES FLORES', 8, 40, 2),
(119, 'BERTHA BEATRIZ', 'DAVILA ARANCIBIA', 8, 23, 1),
(120, 'CESAR HIPOLITO', 'IBA?EZ POLO', 8, 15, 2),
(121, 'JULIO CESAR', 'LUPACA QUISPE', 8, 40, 2),
(122, 'AMERICO', 'HUAMAN AMAO', 8, 24, 2),
(123, 'LINDA OLINDA', 'GOMEZ MAMANI', 8, 15, 1),
(124, 'BILY WENCESLAO', 'MU?OZ PALOMINO', 8, 50, 2),
(125, 'VICTOR HUGO', 'MANZANO CHOQUE', 8, 40, 2),
(126, 'Ceferino', 'Ordo?o Mamani', 8, 24, 2),
(127, 'EDGAR EDUARDO', 'OBESO GONZALES', 8, 12, 2),
(128, 'MIRIAN CIRIA', 'MAMANI MAMANI', 8, 50, 1),
(129, 'RICARDO BERNARDO', 'NINA NINA', 8, 12, 2),
(130, 'JUAN JOSE', 'NINA CHARAJA', 8, 39, 2),
(131, 'JULIA HERMINIA BERTHA', 'RODRIGUEZ VARGAS', 8, 15, 1),
(132, 'VICTOR OSWALDO', 'SANZ HURTADO', 8, 12, 2),
(133, 'LUIS FELIPE', 'TELLEZ COLQUE', 8, 14, 2),
(134, 'WILLY JUAN', 'RIVERA GARCIA', 8, 24, 2),
(135, 'BONIFACIO', 'TAPIA ESPINOZA', 8, 15, 2),
(136, 'EDWIN SAUL', 'VALENCIA CUTIPA', 8, 12, 2),
(137, 'MAGALY SOLEDAD', 'VELASQUEZ FLORES', 8, 15, 1),
(138, 'PEDRO ENRIQUE', 'MONTECINOS SANCHEZ', 8, 24, 2),
(139, 'ALICIA ANA', 'VIZCARRA JIMENEZ', 8, 39, 1),
(140, 'FRESIA EULOGIA', 'CONDORI SANTOS', 8, 23, 1),
(141, 'ZACARIAS', 'DURAND BICHIR', 8, 15, 2),
(142, 'EDITH NELLY', 'ALANOCA MAMANI', 8, 50, 1),
(143, 'JUAN', 'VARGAS LIMACHE', 8, 12, 2),
(144, 'ELVIRA', 'PALACIOS SARMIENTO', 8, 12, 1),
(145, 'JULIO', 'PINO MIRANDA', 8, 23, 2),
(146, 'DAVID JOSE', 'QUISPE ASCENCIO', 8, 24, 2),
(147, 'JUAN', 'QUISPE ACERO', 8, 46, 2),
(148, 'NELLY ROSARIO', 'PARI PERCCA', 8, 14, 1),
(149, 'JESUS EFREN', 'PARRA SULLCA', 8, 40, 2),
(150, 'MARIO', 'PACHO QUISPE', 8, 39, 2),
(151, 'FAVIO ANDRES', 'URETA CONDORI', 8, 12, 2),
(152, 'CARLOS FRANCK', 'CORI EVARISTO', 9, 13, 2),
(153, 'TITO', 'ORTIZ GO?AZ', 9, 13, 2),
(154, 'NEYRI BETSI', 'VIZCARRA RIOS', 9, 50, 1),
(155, 'SIXTO', 'RIVERA MENDOZA', 9, 13, 2),
(156, 'ALVARADO', 'LEYBER PANDURO', 9, 13, 2),
(157, 'ESMIRIO EROTIDES', 'CASTILLO GONZALES', 9, 13, 2),
(158, 'CLAUDIA ROSA', 'DORIVAL PALOMINO', 1, 2, 1),
(159, 'JUAN WILLIAM', 'GASPAR PRADO', 1, 39, 2),
(160, 'ZOSIMO', 'CARDENAS VILLA', 1, 39, 2),
(161, 'GUILLERMO', 'HERNANDEZ BECERRA', 1, 15, 2),
(162, 'CESAR EDISON', 'GUTIERREZ TORRES', 1, 40, 2),
(163, 'VIRGINIA LIBERTAD', 'AZAHUANCHE ASMAT DE TRUJILLO', 1, 14, 1),
(164, 'AULO WILFREDO', 'INGA PE?A', 1, 24, 2),
(165, 'LUIS ALFREDO', 'NOLASCO SANDOVAL', 1, 24, 2),
(166, 'EUSTAQUIO', 'HUARHUA CONTRERAS', 1, 14, 2),
(167, 'RIGOBERTO PERCY', 'HUARACHA CASAS', 1, 40, 2),
(168, 'ANA YOVANA', 'MAMANI SANTA CRUZ', 1, 40, 1),
(169, 'JIM ANDREW', 'PALOMARES ANSELMO', 1, 39, 2),
(170, 'NEIL', 'QUISPE FLORES', 1, 40, 2),
(171, 'PEDRO DE LOS ANGELES', 'PORTAL BAZAN', 1, 13, 2),
(172, 'LUIS ALBERTO', 'RAMIREZ CHUQUIHUANGA', 1, 2, 2),
(173, 'FEDERICO ANTONIO', 'PAREJA PINTO', 1, 14, 2),
(174, 'EFRAIN', 'VICENCIO RAMOS', 1, 40, 2),
(175, 'ELIZABETH DIANA', 'SOLANO ZAPATA', 1, 15, 1),
(176, 'EMILIA', 'SORIA PEREZ', 1, 40, 1),
(177, 'ODON EDMUNDO', 'VERA FALCON', 1, 2, 2),
(178, 'WALTER ARMANDO', 'VILCHEZ MEDINA', 1, 2, 2),
(179, 'BUBY AARON', 'SUAREZ ENEQUE', 1, 25, 2),
(180, 'MAR?A EMILIA', 'YAYA G?MEZ DE CHIRA', 1, 13, 1),
(181, 'ALFREDO MANUEL', 'ROJAS SALDA?A', 1, 39, 2),
(182, 'JAIME GREGORIO', 'OSCCO PAREDES', 1, 15, 2),
(183, 'WILDER', 'BLAS NAVARRO', 1, 39, 2),
(184, 'SERGIO CARLOS ANDRES', 'VILLAVICENCIO JIMENEZ', 1, 24, 2),
(185, 'ROBERTO EDGARDO', 'TALLA CONDEZO', 1, 25, 2),
(186, 'JOSE DIOMEDES', 'GUTIERREZ BARAHONA', 1, 13, 2),
(187, 'PEDRO VEDA', 'GARCIA TERAN', 1, 25, 2),
(188, 'JULIO CESAR', 'EYZAGUIRRE ESPINO', 1, 13, 2),
(189, 'FRANCISCO', 'QUIHUI YNGA', 1, 40, 2),
(190, 'NOLBERTO', 'ROSALES FELICIANO', 1, 15, 2),
(191, 'LIZ MARIBEL', 'ZEGARRA BARRIENTOS', 1, 15, 1),
(192, 'WILMER WASHINGTON', 'CALDERON CORNELIO', 1, 40, 2),
(193, 'WALTER SANTOS', 'SEGURA SANTISTEBAN', 1, 25, 2),
(194, 'LISBE', 'FIESTAS PURIZACA', 1, 25, 2),
(195, 'MARICELA FRESIA', 'OLIVARES MANDUJANO', 1, 15, 1),
(196, 'ANTONIO EDILBERTO', 'LUYO QUIROZ', 1, 14, 2),
(197, 'GUDELIA', 'AYQUIPA PEREZ', 1, 15, 1),
(198, 'MARIA DEL PILAR', 'PONCE TEJADA', 1, 39, 1),
(199, 'Delia Concepci?n', 'Huailla Atao', 1, 24, 1),
(200, 'JOSE LUIS', 'RAZO QUISPE', 1, 2, 2),
(201, 'MARIA DEL ROSARIO', 'RUIZ DE CASTILLA DONGO', 1, 15, 1),
(202, 'Hernan Ramiro', 'Pinedo Palacios', 1, 24, 2),
(203, 'LILIA EDITH', 'HERENCIA VICU?A', 1, 15, 1),
(204, 'ALEJANDRO LIZARDO', 'CARRASCO LINARES', 1, 13, 2),
(205, 'ELMER AUGURIO', 'NEGRON ALVARADO', 1, 2, 2),
(206, 'Leslie Hayde?', 'Salda?a Avalos', 2, 27, 1),
(207, 'MARIBEL SOLEDAD', 'VASQUEZ RONCAL', 2, 27, 1),
(208, 'William Freddy', 'ZELADA MOZA', 2, 40, 2),
(209, 'CARLOS DUILIO', 'STEIN ABANTO', 2, 15, 2),
(210, 'MARIA MARLENE', 'CELIS GARC?A', 2, 27, 1),
(211, 'MARCO MAURO', 'CHAVEZ CABANILLAS', 2, 15, 2),
(212, 'WILSON EDUARDO', 'CHIRA URBINA', 2, 13, 2),
(213, 'VICTOR MANUEL', 'ACU?A CRUZ', 2, 13, 2),
(214, 'JUAN EDGARDO', 'ALDEA GUILLERMO', 2, 13, 2),
(215, 'NANCY JACKELINE', 'ARBILDO RAM?REZ', 2, 15, 1),
(216, 'Eduardo Roberto', 'Gonz?lez Po?mape', 2, 15, 2),
(217, 'VICTOR ELOY', 'DIAZ PALOMINO', 2, 15, 2),
(218, 'LARRY AUGUSTO', 'FARRO MEDINA', 2, 13, 2),
(219, 'AURORA ELENA', 'GONZ?LEZ PO?MAPE', 2, 27, 1),
(220, 'JORGE FRANCISCO', 'CUEVA VALDERRAMA', 2, 40, 2),
(221, 'SANTOS ROBERTO', 'ESPINOZA TORRES', 2, 15, 2),
(222, 'MERY ESTHER', 'POPAYAN TORRES', 2, 15, 1),
(223, 'VICTOR ENRIQUE', 'LUCUMI FERN?NDEZ', 2, 40, 2),
(224, 'Marianela', 'Pretel Leyva', 2, 27, 1),
(225, 'Jaime Ausberto', 'Pretell Castillo', 2, 13, 2),
(226, 'JESUS ROBINSON', 'PE?A BAZAN', 2, 40, 2),
(227, 'JUAN CARLOS', 'SANCHEZ VARGAS', 2, 13, 2),
(228, 'LUIS SANTIAGO', 'SANCHEZ GONZALES', 2, 27, 2),
(229, 'NADYA LYZETH', 'QUIROZ VILCHEZ', 2, 27, 1),
(230, 'FELIPE', 'SANCHEZ CRUZ', 2, 15, 2),
(231, 'ANTERO MOISES', 'SANCHEZ NINAQUISPE', 2, 40, 2),
(232, 'MIGUEL ANGEL', 'SANTISTEBAN ACOSTA', 2, 40, 2),
(233, 'ALEX ADELMO', 'LEYVA ESPINOZA', 2, 40, 2),
(234, 'Victor Martin', 'Carrascal Cerna', 2, 13, 2),
(235, 'JULIO SALVADOR', 'CORREA CH?VEZ', 2, 15, 2),
(236, 'MARGARITA', 'CHUQUIBALA VARGAS', 10, 27, 1),
(237, 'WILBERT', 'AGUILAR MARIACA', 11, 46, 2),
(238, 'JULIO ANTONY', 'QUISPE ATOCCSA', 11, 13, 2),
(239, 'Yudy', 'Huaman Castillo', 11, 46, 1),
(240, 'amelia', 'bolivar huamani', 11, 13, 1),
(241, 'Jose Luis', 'Mondalgo Cespedes', 11, 46, 2),
(242, 'Jannett', 'Malpartida Ruiz', 11, 46, 1),
(243, 'ISAAC', 'GUTIERREZ TORRES', 12, 46, 2),
(244, 'JUAN FILOMENO', 'HUYHUA ORE', 12, 46, 2),
(245, 'TINEO MEDRANO', 'ALDO AM?RICO', 12, 46, 2),
(246, 'ARRIOLA HURTADO', 'MARIO EDGAR', 12, 46, 2),
(247, 'MANUEL MARINO', 'TOMAYQUISPE ILLANES', 12, 46, 2),
(248, 'ARTURO', 'HUAITA PATI?O', 12, 46, 2),
(249, 'DAVID', 'BARRAZA CCACCYA', 12, 46, 2),
(250, 'DEYCI JACKELYM', 'SANTILLAN PLASENCIA', 2, 27, 1),
(251, 'IRMA MARIA', 'DIAZ MEZA', 2, 27, 1),
(252, 'MAR?A CLEOF?', 'ROMERO SOLANO', 2, 27, 1),
(253, 'LALY GARDENI', 'GELDRES VALVERDE', 2, 27, 1),
(254, 'VASQUEZ DESPOSORIO', 'LIZETH CATHERINE', 2, 27, 1),
(255, 'MONIKA LIUBOV', 'BACILIO MONTES', 2, 27, 1),
(256, 'DALILA VERONICA', 'BARRIOS CRUZ', 13, 53, 1),
(257, 'JUAN FRANCISCO', 'GARCIA RETO', 13, 4, 2),
(258, 'OMAR ALBERTO', 'GARCIA RETO', 13, 15, 2),
(259, 'JOS? MARIANO FRANCISCO', 'HERN?NDEZ PANTA', 13, 12, 2),
(260, 'SEGUNDO EDUARDO', 'MASIAS DE LA ROSA', 13, 4, 2),
(261, 'JOSE ANTONIO', 'LLONTOP PASACHE', 13, 15, 2),
(262, 'DANIEL', 'OLAYA CASTILLO', 13, 15, 2),
(263, 'NILDA', 'PANTA FLORES', 13, 15, 1),
(264, 'BERTHA AKEMY', 'RUFASTO KANASHIRO', 13, 54, 1),
(265, 'FABIOLA JANETH', 'PINTO GRANDA', 13, 54, 1),
(266, 'JUAN GREGORIO', 'RUIDIAS CASAVERDE', 13, 12, 2),
(267, 'FABIOLA DEL PILAR', 'PAIVA MENDOZA', 13, 15, 1),
(268, 'NORA NOELIA', 'SOTO FERNANDEZ', 13, 53, 1),
(269, 'FRANCISCO', 'ZAPATA CARRASCO', 13, 12, 2),
(270, 'ELIZABETH LUCCY', 'TRONCOS RAMOS', 13, 4, 1),
(271, 'ROLANDO', 'SALAZAR ORME?O', 13, 4, 2),
(272, 'PALMERINDA EMILIA', 'ACEVEDO CHORRES', 13, 15, 1),
(273, 'WILLIAM', 'HURTADO CASAVERDE', 11, 29, 2),
(274, 'LUIS', 'HUANCA ASTOQUILLCA', 11, 14, 2),
(275, 'KEVIN ANTONIO', 'CHUMBES HERRERA', 11, 29, 2),
(276, 'ABEL SLIM', 'VILLAFUERTE RAMIREZ', 11, 14, 2),
(277, 'ZENON ALONSO', 'RINCON URFANO', 11, 29, 2),
(278, 'ARTURO', 'CACERES LOPEZ', 11, 46, 2),
(279, 'JIMMY ALAM', 'MALDONADO CHUMBE', 14, 39, 2),
(280, 'YESENIA EVELYN', 'MALLMA NAVARRO', 14, 13, 1),
(281, 'JOSE MANUEL', 'ANCASI CONCHA', 14, 39, 2),
(282, 'PIERRE ABEL', 'GUADALUPE BAYLON', 14, 39, 2),
(283, 'TEODORA', 'CHAVEZ YANCE', 14, 13, 1),
(284, 'HUBER', 'HUAMAN CAPCHA', 14, 13, 2),
(285, 'RUBEN', 'RIVERA APOLINARIO', 14, 39, 2),
(286, 'RUBEN', 'MEZA LAZO', 14, 13, 2),
(287, 'JAVIER VENANCIO', 'VELASQUEZ DAMIAN', 14, 13, 2),
(288, 'Juber', 'Balb?n Paucar', 14, 13, 2),
(289, 'GISELLE MILAGROS', 'ALEMAN ESPINOZA', 15, 36, 1),
(290, 'MANUELA ELIZABETH', 'ALI MOLINA', 15, 8, 1),
(291, 'JULIO ROBERTO ANGEL', 'AGUILAR LOPEZ', 15, 8, 2),
(292, 'YAMIL MIDWARD', 'AGUILAR BACA', 15, 39, 2),
(293, 'LUIS ALVARO', 'ARENAS ABARCA', 15, 15, 2),
(294, 'JESUS NICOLAS', 'BANDA PACHECO', 15, 49, 2),
(295, 'PERCY ANDRES', 'CALCINA QUISPE', 15, 8, 2),
(296, 'FREDDY JESUS', 'CALLE MORON', 15, 36, 2),
(297, 'ELIA LUZ', 'CALDERON CHAVEZ', 15, 8, 1),
(298, 'MARIA', 'CALLA RODRIGUEZ', 15, 15, 1),
(299, 'HECTOR FIDEL', 'ARROYO CHAVEZ', 15, 13, 2),
(300, 'FREDY HECTOR', 'CALSINA HUARANCA', 15, 39, 2),
(301, 'HECTOR FIDEL', 'CHIRE RAMIREZ', 15, 39, 2),
(302, 'EDDIE REINALDO', 'CARPIO ULLOA', 15, 39, 2),
(303, 'ANDRE PORFIRIO', 'CCAMI LOAYZA', 15, 36, 2),
(304, 'EMILIO', 'CHIRE RAMIREZ', 15, 42, 2),
(305, 'JORGE ROLANDO', 'CASTILLO GALARZA', 15, 15, 2),
(306, 'HENRY', 'CHOQUE SANZ', 15, 42, 2),
(307, 'ANA MARILU', 'CRUZ LIMA', 15, 42, 1),
(308, 'ANGEL CRUZ', 'CUEVA MANCHEGO', 15, 13, 2),
(309, 'JUANA YANET', 'CHIRE TORRES', 15, 25, 1),
(310, 'LUIGI VICTOR', 'COLQUE CARCAUSTO', 15, 13, 2),
(311, 'EDWIN JORGE', 'DELGADO BERNEDO', 15, 24, 2),
(312, 'DEBORA', 'DIAZ FLORES', 15, 13, 1),
(313, 'YURI JAVIER', 'CUSICUNA HUAYLLASI', 15, 39, 2),
(314, 'FREDY', 'CUITO CAHUANA', 15, 15, 2),
(315, 'FELIPE EFRAIN', 'CUTIPA VILLALBA', 15, 42, 2),
(316, 'PATRICIA NORKA', 'MERMA CHOQUEHUANCA', 15, 36, 1),
(317, 'ELVA EDITH', 'DEMANUEL CENCIA', 15, 42, 1),
(318, 'OBDULIA', 'GARATE BENGOA', 15, 15, 1),
(319, 'GREGORIO', 'FUENTES PACCO', 15, 40, 2),
(320, 'MONICA ELENA', 'DIAZ MURILLO', 15, 49, 1),
(321, 'ROBERTO CARLOS', 'ESTERRIPA ARENAS', 15, 15, 2),
(322, 'ROBERTO JULIO', 'HUAICOCHEA CASTILLO', 15, 15, 2),
(323, 'JUAN RONAL', 'HEREDIA RIVEROS', 15, 27, 2),
(324, 'EDDER HUMBERTO', 'GUTIERREZ AMESQUITA', 15, 13, 2),
(325, 'RENZO', 'GOMEZ GUZMAN', 15, 13, 2),
(326, 'LEANDRA AIDEE', 'HUALLANCO NU?EZ', 15, 15, 1),
(327, 'LUIS ALBERTO', 'HERRERA ANCCA', 15, 40, 2),
(328, 'WILSON', 'LIPE MAMANI', 15, 36, 2),
(329, 'PEDRO ROBERTO', 'LOPEZ RIVEROS', 15, 15, 2),
(330, 'MARTHA', 'MALLQUI ORTEGA', 15, 8, 1),
(331, 'JUAN ALFREDO', 'LOPEZ DIAZ', 15, 40, 2),
(332, 'CARMEN ROSA', 'MACHADO BERROA', 15, 8, 1),
(333, 'EDGAR', 'HUANACO CALCINA', 15, 15, 2),
(334, 'CARMEN CRISTINA', 'MANSILLA HINOJOSA', 15, 36, 1),
(335, 'VICTOR RICARDO', 'MEDINA LIMA', 15, 40, 2),
(336, 'ZAIDA LEONOR', 'MELGAR PAUCAR', 15, 27, 1),
(337, 'HERNAN MIGUEL', 'MARQUINA AVELLANEDA', 15, 13, 2),
(338, 'JUAN CARLOS', 'MAMANI URETA', 15, 36, 2),
(339, 'LUCIANO DELFIN', 'NIFLA AYALA', 15, 39, 2),
(340, 'PEDRO PABLO', 'NU?EZ RAMIREZ', 15, 13, 2),
(341, 'ALFONSO GUILLERMO', 'MENDOZA RAMOS', 15, 13, 2),
(342, 'GONZALO', 'NEIRA CALSIN', 15, 13, 2),
(343, 'SONIA MARUJA', 'MOLLO MAMANI', 15, 15, 1),
(344, 'MARIA ELENA', 'PAREJA VENTURA', 15, 13, 1),
(345, 'CARLOS FERNANDO', 'OCHOA GORVENIA', 15, 25, 2),
(346, 'PAUL EDSON', 'PAUCA PERALTA', 15, 40, 2),
(347, 'JOSE MIGUEL', 'PE?A MANRIQUE', 15, 49, 2),
(348, 'NELLY BEATRIZ', 'QUINTANILLA ALEJO', 15, 27, 1),
(349, 'FREDY', 'QUILLA QUILLA', 15, 13, 2),
(350, 'PEDRO LEONELL', 'PRADO APAZA', 15, 8, 2),
(351, 'ROSARIO CANDELARIA', 'QUIROZ LAZO', 15, 49, 1),
(352, 'ZORAIDA JAZMINE', 'QUISPE CURASI', 15, 8, 1),
(353, 'PERCY NICOLAS', 'PEREZ BARREDA', 15, 15, 2),
(354, 'FRANCISCO RAYMONDI', 'RODRIGUEZ TICONA', 15, 24, 2),
(355, 'WALTER RODOLFO', 'RAMIREZ ARENAS', 15, 13, 2),
(356, 'FABIO ELEY', 'REINOSO NINA', 15, 15, 2),
(357, 'DELMA MILAGROS', 'RODRIGUEZ SEGOVIA', 15, 39, 1),
(358, 'ROLANDO WENCESLAO', 'RIVERA OLIVERA', 15, 36, 2),
(359, 'LUIS ROLANDO', 'RAMOS FLORES', 15, 40, 2),
(360, 'Ana Mar?', 'Zegarra Panca de Ramos', 15, 8, 1),
(361, 'LUZ ELEANA AMPARO', 'AMPUERO ESPINOZA', 15, 49, 1),
(362, 'GIANCARLO AUGUSTO', 'VILLALBA ROBLES', 15, 13, 2),
(363, 'JUAN MANUEL', 'ZEBALLOS VILLASANTE', 15, 40, 2),
(364, 'MARITZA ANGELICA', 'ZU?IGA BENAVIDES', 15, 15, 1),
(365, 'LOURDES BEATRIZ', 'VILCA VILLASANTE', 15, 40, 1),
(366, 'Percy Sebasti?n', 'Turpo Sonco', 15, 39, 2),
(367, 'ELIZABETH', 'TRIVI?OS PINEDA', 15, 27, 1),
(368, 'GERSON HECTOR', 'SANCHEZ ARAGON', 15, 13, 2),
(369, 'RUDERICO LAZARO', 'SEQUEIROS SARAYA', 15, 13, 2),
(370, 'ALDO ANTONIO', 'TALAVERA RIVERA', 15, 40, 2),
(371, 'CORINA', 'TORRES CABRERA', 15, 15, 1),
(372, 'ANGEL MICHAEL', 'SOTO GALINDO', 15, 15, 2),
(373, 'KARIM', 'SANTOS CUSI', 15, 36, 1),
(374, 'DAVID', 'TICONA LIMA', 15, 39, 2),
(375, 'PABLO LUCIO', 'MAYHUA CHOQUE', 15, 25, 2),
(376, 'LINO', 'HINOJOSA HINOJOSA', 15, 42, 2),
(377, 'ALEX EDILIO', 'C?RDOVA GUT?ERREZ', 15, 13, 2),
(378, 'LUCIA JUANA', 'FLORES LLAYQUI DE BERNAL', 15, 49, 1),
(379, 'VALENTIN', 'CUADROS CUSI', 11, 46, 2),
(380, 'ALEJANDRA', 'LLALLAHUI PRADO', 11, 14, 1),
(381, 'FERNANDO', 'LAIME SOTELO', 11, 46, 2),
(382, 'RUFO', 'CCAHUANA OROYA', 11, 14, 2),
(383, 'NARCISO', 'CHUQUIJA INCALLA', 11, 46, 2),
(384, 'JUAN LUIS', 'UCHIRI PUMA', 11, 46, 2),
(385, 'DELFIN', 'PAHUARA VARGAS', 11, 46, 2),
(386, 'EDWIN HUMBERTO', 'PEDRAZA MESARES', 11, 46, 2),
(387, 'PABLO', 'CABANA SALCEDO', 11, 14, 2),
(388, 'EDGAR', 'ACOSTA CAHUANA', 11, 14, 2),
(389, 'CELSO NAZARIO', 'AREVALO CARRDENAS', 9, 46, 2),
(390, 'RICARDO', 'CARDENAS SEIJAS', 9, 46, 2),
(391, 'NOBEL', 'CARDENAS VALDERRAMA', 9, 15, 2),
(392, 'LLANE', 'AMASIFEN GONZALES', 9, 15, 1),
(393, 'ROBERT WILDER', 'GALARRETA MELENDEZ', 2, 13, 2),
(394, 'PAOLA MELINA', 'ASTO CAMPOS', 2, 27, 1),
(395, 'FREDDY LEANDRO', 'ALVAREZ MEDINA', 2, 13, 2),
(396, 'ROMINA MILAGROS', 'DIAZ CUSTODIO', 2, 27, 1),
(397, 'EDWIN ROGER', 'BENAUTE FLORES', 2, 13, 2),
(398, 'SARITA CAROLINA', 'PAREDES ROMERO', 2, 13, 1),
(399, 'FRANCISCA ADELAYDA', 'MARINO MAURICIO', 2, 27, 1),
(400, 'ROSA MILAGROS', 'CACERES QUISPE', 2, 13, 1),
(401, 'BERENSON', 'RODRIGUEZ VELA', 2, 27, 2),
(402, 'VERONICA SOLEDAD', 'POLO POLO', 2, 13, 1),
(403, 'Kareen Lourdes', 'CHAVARRY SANCHEZ', 2, 13, 1),
(404, 'Sarita Geovanny', 'PAREDES POLO', 2, 27, 1),
(405, 'Eloy', 'Cahuana Ochochoque', 16, 40, 2),
(406, 'Moises', 'Condori Iquise', 16, 46, 2),
(407, 'Sara', 'Copari Condori', 16, 27, 1),
(408, 'VERONICA BEATRIZ', 'CALISAYA CASTILLO', 16, 27, 1),
(409, 'BENJAMIN', 'ALAVE CHATA', 16, 46, 2),
(410, 'Yenny', 'Calisaya Ortega', 16, 27, 1),
(411, 'ROSALINA', 'MAMANI CALDERON', 16, 27, 1),
(412, 'JULIAN', 'MACHACA MAMANI', 16, 46, 2),
(413, 'MOISES CRISTOBAL', 'QUISPE APAZA', 16, 40, 2),
(414, 'MELECIO', 'QUISPE QUISPE', 16, 40, 2),
(415, 'LUZ MARGARITA', 'FLORES MEDINA', 16, 13, 1),
(416, 'WILVER', 'QUISPE HANCCO', 16, 13, 2),
(417, 'JUANA', 'VELASQUEZ CONDORI', 16, 27, 1),
(418, 'GRIZELDA', 'RUELAS ALFARO', 16, 27, 1),
(419, 'MIGUEL EUGENIO', 'YUCRA JALLO', 16, 13, 2),
(420, 'WILFREDO', 'ZAPANA VENEGAS', 16, 40, 2),
(421, 'OLGUIN', 'MAMANI CHAMBI', 16, 46, 2),
(422, 'HERNAN', 'ZAPANA VENEGAS', 16, 40, 2),
(423, 'GLORIA', 'COAQUIRA CALLO', 16, 46, 1),
(424, 'ELISEA ETERIA', 'QUISPE YAPO', 16, 13, 1),
(425, 'ALCIBIADES JUVER', 'RUIZ REYES', 2, 13, 2),
(426, 'SARITA MIREL', 'YAURE DIAZ', 2, 13, 1),
(427, 'JORGE', 'CHAVEZ PAREDES', 2, 13, 2),
(428, 'BETTY', 'ALMONACID ALVITRES', 17, 50, 1),
(429, 'MARIA DEL ROSARIO', 'CORDOVA LOPEZ', 17, 50, 1),
(430, 'LA CRUZ FREDDY', 'CENCIA DE', 17, 15, 2),
(431, 'RONALD', 'ALMONACID VILLA', 17, 50, 2),
(432, 'MARILUZ EUGENIA', 'CONTRERAS CURICHAHUA', 17, 27, 1),
(433, 'MARIO', 'CABALLERO PANTOJA', 17, 15, 2),
(434, 'EDGAR', 'HUAMAN QUISPE', 17, 46, 2),
(435, 'JOSE LUIS', 'GALA ACU?A', 17, 14, 2),
(436, 'GABY YSABEL', 'MEDRANO ROJAS', 17, 27, 1),
(437, 'EBER', 'MATAMOROS MALLQUI', 17, 14, 2),
(438, 'NANCY', 'MEDRANO QUISPE', 17, 50, 1),
(439, 'YANINA VICTORIA', 'L?PEZ MEZA', 17, 27, 1),
(440, 'SAMUEL PORFIRIO', 'PAUCAR SULLCA', 17, 46, 2),
(441, 'IVANOVNA KATERINA', 'QUISPE GUERRERO', 17, 27, 1),
(442, 'ANIBAL', 'QUISPE CLEMENTE', 17, 40, 2),
(443, 'ALFREDO', 'MIRANDA SOVERO', 17, 15, 2),
(444, 'SEBASTIAN', 'PEREZ GARCIA', 17, 14, 2),
(445, 'EMIGIDIO', 'SANTOS SAENZ', 17, 46, 2),
(446, 'JAIME', 'ZU?IGA FLORES', 17, 13, 2),
(447, 'RA?L ALFREDO', 'RETAMOZO PACO', 17, 13, 2),
(448, 'JOSE JHUBERT', 'QUISPE JU?O', 17, 14, 2),
(449, 'GROSLE MANUEL', 'ENRIQUEZ BENDEZU', 17, 46, 2),
(450, 'JORGE ALBERTO', 'CAMARENA LIMACO', 17, 13, 2),
(451, 'CRISTIAN', 'SARAVIA PINO', 17, 13, 2),
(452, 'MACARIO', 'CONDORI VERGARA', 17, 15, 2),
(453, 'YURI HOLSIN', 'CALLE CHEJE', 18, 46, 2),
(454, 'MELESIO MOISES', 'DE LA CRUZ QUESADA', 18, 46, 2),
(455, 'CARLOS ALBERTO', 'DEPAZ HIZO', 18, 46, 2),
(456, 'MERCEDES ELVA', 'ESCUDERO YOVERA', 18, 4, 1),
(457, 'BLANCA ELIZABETH', 'CHINCHAY VASQUEZ', 18, 46, 1),
(458, 'GLADYS', 'GALLEGOS CAMACHO', 18, 46, 1),
(459, 'MIGUEL EDMUNDO', 'LUCHO CERGA', 18, 46, 2),
(460, 'WALTER HERMOGENES', 'ORTIZ MARIN', 18, 46, 2),
(461, 'JOEL CARLOS', 'PACHAS VILLAFRANCIA', 18, 32, 2),
(462, 'SEGUNDO', 'HUACCHA TOCAS', 18, 46, 2),
(463, 'CESAR ALEJANDRO', 'MEDINA OSORIO', 18, 4, 2),
(464, 'JOSE WILFREDO', 'LANDA DELGADO', 18, 32, 2),
(465, 'MIGUEL ARTURO', 'PE?A CARRILLO', 18, 32, 2),
(466, 'MANUEL AUGUSTO', 'TIMANA SANDOVAL', 18, 46, 2),
(467, 'MABEL CRUZ', 'PALMA OYOLA', 18, 46, 1),
(468, 'KATHERINE MAGDALENA', 'SIMON LAVERIANO', 18, 46, 1),
(469, 'AMADOR FELIX', 'TORO HUAMAN', 18, 4, 2),
(470, 'VLADIMIR', 'SUAREZ ATAHUA', 18, 46, 2),
(471, 'JULIO C?SAR', 'R?OS C?RDOVA', 18, 46, 2),
(472, 'JAVIER MITCHEL', 'HUAPALLA PAREDES', 18, 4, 2),
(473, 'ALICIA CLAVIANA', 'ESPINOZA GUILLERMO', 18, 32, 1),
(474, 'JOCABED ARACELLY', 'CHAICO MENDOZA', 18, 32, 2),
(475, 'Maycol', 'Ortiz Romero', 18, 46, 2),
(476, 'JUAN PABLO', 'NAVARRO TELLO', 18, 32, 2),
(477, 'Yarlequ? Col?n', 'Patricia Elizabeth', 18, 32, 1),
(478, 'RENE ANGEL', 'ALEJANDRO SALAZAR', 12, 46, 2),
(479, 'ABRAHAM DAVID', 'CRUZ CAPCHA', 12, 39, 2),
(480, 'IDA RENE', 'HUAMAN BARZOLA', 12, 27, 1),
(481, 'MARICELA SILVIA', 'GUERRA LOPEZ', 12, 32, 1),
(482, 'FERNANDO FELIX', 'HUAYHUA AGUIRRE', 12, 13, 2),
(483, 'MARIA TERESA', 'PELAEZ EUSTAQUIO', 12, 46, 1),
(484, 'REMIGIO', 'RONDINEL OCHANTE', 12, 39, 2),
(485, 'Jorge Luis', 'Nunt?n Esqueche', 13, 46, 2),
(486, 'Rossmery', 'El?as D?vila', 13, 27, 1),
(487, 'MARIA NILDA', 'REYES MANCHAY', 13, 27, 1),
(488, 'ERIKA ROSMERY', 'ALDEAN ADRIANZEN', 13, 27, 1),
(489, 'FERNANDO RIGOBERTO', 'PACHECO TORRES', 13, 46, 2),
(490, 'JORGE ANTONIO', 'AVALOS LOZANO', 13, 46, 2),
(491, 'HECTOR', 'CHINGUEL CALLE', 13, 46, 2),
(492, 'LUIS MIGUEL', 'FLORES LIMAS', 13, 46, 2),
(493, 'FRANCISCO SULPICIO', 'AGUILAR CARRILLO', 19, 46, 2),
(494, 'ROMEO MAURICIO', 'CAMARENA LINO', 19, 53, 2),
(495, 'GRIMALDO FROILAN', 'CANCINO CUSTODIO', 19, 46, 2),
(496, 'DENNIS NEMESIO', 'ANTUNEZ CARRILLO', 19, 13, 2),
(497, 'EVA KARINA', 'BLAS MARTINEZ', 19, 27, 1),
(498, 'DORIS MERCEDES', 'CANALES CHILET', 19, 53, 1),
(499, 'JOS? ALBERTO', 'CASTRO CURAY', 19, 13, 2),
(500, 'DANTE AQUILINO', 'JIMENEZ JULIAN', 19, 53, 2),
(501, 'PEDRO', 'JULCA RASHTA', 19, 13, 2),
(502, 'ANTONIETA LUISA', 'CARDENAS ROSALES', 19, 27, 1),
(503, 'ELIZABETH ANG?LICA', 'JARA CONTRERAS', 19, 32, 1),
(504, 'KATHERINE DAISSY', 'COLONIA SAENZ', 19, 27, 1),
(505, 'GLADYS JANET', 'GUERRERO CHILET', 19, 27, 1),
(506, 'NORA', 'MIRANDA BRANDAN', 19, 27, 1),
(507, 'RENE PEDRO', 'MENDOZA LOPEZ', 19, 32, 2),
(508, 'ANTIA OLINDA', 'MORALES PAJUELO', 19, 27, 1),
(509, 'ENRIQUE INOCENTE', 'LINO LA CHIRA', 19, 53, 2),
(510, 'LUIS ENRIQUE', 'MONTEZ MONTEZ', 19, 46, 2),
(511, 'AMPARO NOEMI', 'SAENZ ARELLAN', 19, 32, 1),
(512, 'NESTOR ADRIAN', 'QUISPE FERRER', 19, 46, 2),
(513, 'ROMIL', 'TORO VILCHEZ', 19, 53, 2),
(514, 'ANTHONY SABINO', 'MORALES VILLANUEVA', 19, 53, 2),
(515, 'ALEXANDER ANDRES', 'VILLANUEVA HEREDIA', 19, 53, 2),
(516, 'ROBERT ELADIO', 'PAJUELO AGUIRRE', 19, 7, 2),
(517, 'CLAIDE ELIANA', 'SANCHEZ SEGURA', 19, 32, 1),
(518, 'PAVEL ANDRE', 'DIONISIO VERASTEGUI', 1, 24, 2),
(519, 'JORGE AURELIO', 'AGUILAR VALENZUELA', 1, 24, 2),
(520, 'WALTER ALFREDO', 'ACOSTA GONZALES', 1, 24, 2),
(521, 'RAUL', 'CORTEZ EGUSQUIZA', 1, 13, 2),
(522, 'MARVELI CORAZON', 'CALDERON CORDOVA', 1, 27, 1),
(523, 'JESSICA BETSY', 'DAVILA OSCATEGUI', 1, 27, 1),
(524, 'JULIO CESAR', 'QUI?ONES MACHA', 1, 24, 2),
(525, 'DARWIN HOOVER', 'GUTIERREZ ALAMO', 1, 39, 2),
(526, 'FREDY RUPERTO', 'MARTINEZ CACERES', 1, 39, 2),
(527, 'DORIS CARMEN', 'VELASQUEZ HUAMAN', 1, 27, 1),
(528, 'SERGIO ANTONIO', 'LOS SANTOS LOPEZ', 1, 24, 2),
(529, 'CECILIA', 'CAJAHUAMAN INGA', 1, 13, 1),
(530, 'CARLOS', 'GONZALES CAICEDO', 1, 39, 2),
(531, 'RUSSEL MILTON', 'RUIZ JARA', 1, 13, 2),
(532, 'EDGAR', 'SUAREZ CHAMPA', 1, 13, 2),
(533, 'WALTER FELIPE', 'ARIAS RAMIREZ', 1, 39, 1),
(534, 'PEDRO SIGFREDO', 'GARRO ESPEJO', 1, 39, 2),
(535, 'JOHN ALBERT', 'ESPEJO SANCHEZ', 1, 13, 2),
(536, 'VENANCIO', 'BENAVIDES CCAMA', 20, 46, 2),
(537, 'CESAR ALEJANDRO', 'HUISA LOPEZ', 20, 6, 2),
(538, 'JORGE', 'PERALTA SILVA', 20, 46, 2),
(539, 'JULIO CESAR', 'GIBAJA SILVA', 20, 6, 2),
(540, 'CHRISTIAN HIROSHI', 'HUARANCA DEL AGUILA', 20, 46, 2),
(541, 'HAROL', 'FERNANDEZ SILVA', 20, 46, 2),
(542, 'ANTONIO', 'ACOSTA JIMENEZ', 20, 46, 2),
(543, 'JUAN CARLOS', 'G?MEZ D?AZ', 20, 46, 2),
(544, 'JOS? ENRIQUE', 'VERA MUENTE', 20, 33, 2),
(545, 'JUAN BRAULIO', 'MAMANI ZAPANA', 16, 41, 2),
(546, 'JUAN RIGOBERTO', 'CONDORI CONDORI', 16, 12, 2),
(547, 'GALA MARITZA', 'PE?ARANDA AGUILAR', 16, 27, 1),
(548, 'EDGAR', 'MAQUERA RIVERA', 16, 41, 2),
(549, 'MARTIN LIZANDRO', 'MAMANI ARTEAGA', 16, 41, 2),
(550, 'MIGUEL ANGEL', 'VILLASANTE RODRIGUEZ', 16, 12, 2),
(551, 'ROCIO BRIZAYDA', 'QUISPE VELASQUEZ', 16, 27, 1),
(552, 'SIDGAR MARIO', 'RIOS PACORI', 16, 41, 2),
(553, 'VICTORIA LORENA', 'RAMOS ANGLES', 16, 27, 1),
(554, 'ALEX LUIGGY', 'PEREZ SUCA', 16, 12, 2),
(555, 'WILMER VIRGILIO', 'MAMANI HUARACHA', 16, 12, 2),
(556, 'HENRY', 'VELAZCO VELAZCO', 16, 12, 2),
(557, 'RENE', 'ACERO ESTA?A', 16, 12, 2),
(558, 'QUISPE RAMOS', 'SUSANA MARIA', 16, 27, 1),
(559, 'Angel de la Cruz', 'Limachi Qui?onez', 16, 41, 2),
(560, 'TIPO', 'GLADYS GALARZA', 16, 27, 1),
(561, 'JESUS JHOJANSON', 'BERMEJO LLANOS', 16, 11, 2),
(562, 'NEHEMIAS', 'DAVILA CANO', 21, 15, 2),
(563, 'NELLY RUSVI', 'NIQUEN INO?AN', 21, 46, 1),
(564, 'GILBERTO', 'FACHO CASTRO', 21, 15, 2),
(565, 'JORGE', 'VALVERDE CASTRO', 21, 46, 2),
(566, 'BETTY AMPARO', 'FERNANDEZ NEYRA', 21, 46, 1),
(567, 'LIDIA ROSA', 'SIRLOPU GALVEZ', 21, 46, 1),
(568, 'NORMA LUCI', 'RAMOS VASQUEZ', 21, 15, 1),
(569, 'ANA MARIA', 'GUERRERO MILLONES', 21, 46, 1),
(570, 'JOSE MANUEL', 'NAMUCHE FARRO?AN', 21, 15, 2),
(571, 'WIGBERTO', 'BANCES CHAPO?AN', 21, 46, 2),
(572, 'JULIO CESAR', 'PINTO OLIVERA', 22, 13, 2),
(573, 'MAURO', 'CHURA ABARCA', 22, 3, 2),
(574, 'JOS? LUIS', 'CRUZ COAQUIRA', 22, 3, 2),
(575, 'JANET', 'ROJAS SUCA', 22, 3, 1),
(576, 'ERICK RICHARD', 'QUINTASI MERCADO', 22, 13, 2),
(577, 'MADELEINE ROSA', 'QUISPITUPAC SOTO', 22, 3, 1),
(578, 'CESAR AUGUSTO', 'GOETENDIA LACMA', 14, 13, 2),
(579, 'NANCY GENOVEVA', 'BASILIO MARCELO', 14, 13, 1),
(580, 'ROSARIO SUSY', 'C?NDOR RIVERA', 14, 46, 1),
(581, 'LUIS ANTONIO', 'CH?VEZ LOYOLA', 14, 13, 2),
(582, '?LVARO IV?N', 'CASO SAMANIEGO', 14, 46, 2),
(583, 'HERLY HINZ', 'MALDONADO CHUMBE', 14, 13, 2),
(584, 'ALFREDO HUGO', 'YAPIAS ROJAS', 14, 13, 2),
(585, 'VICTOR ALEJANDRO', 'ESCALANTE CHUQUIMIA', 14, 46, 2),
(586, 'JULIO LINDHON', 'ANTONIO ANYOSA', 18, 46, 2),
(587, 'ANGEL EBELIO', 'ALTAMIRANO SIGUAS', 18, 46, 2),
(588, 'VANESSA MAGALY', 'CASTRO SALAZAR', 18, 27, 1),
(589, 'OLMEDO GLISERIO', 'GAMION SANDOVAL', 18, 46, 2),
(590, 'JULIO CESAR', 'MUNAYCO RIVAS', 18, 46, 2),
(591, 'Katherine Josefina', 'PE?A PE?A', 18, 27, 1),
(592, 'JULIO ALBERTO', 'ORNA VEGA', 5, 46, 2),
(593, 'CARLOS AMADOR', 'MEZA ESPINOZA', 5, 46, 2),
(594, 'JORGE', 'PAJUELO ALBORNOZ', 5, 27, 2),
(595, 'Florisa Norma', 'Espinoza Santos', 5, 46, 1),
(596, 'MARCELA MELISSA', 'ACOSTA PEREA', 7, 46, 1),
(597, 'RONALD', 'CHUJUTALLI CARDENAS', 7, 28, 2),
(598, 'MANUEL ENRIQUE', 'CARDOZO GONZALES', 7, 27, 2),
(599, 'MARI CARMEN', 'BARDALES DAVILA', 7, 46, 1),
(600, 'FELIX', 'CASTILLO ICHUTA', 7, 31, 2),
(601, 'ASHLY FIORELLA', 'BUITRON CULQUI', 7, 28, 1),
(602, 'MARIANA', 'DEL AGUILA TUESTA', 7, 50, 1),
(603, 'BENNY MANUEL', 'DIAZ CHUMBE', 7, 46, 2),
(604, 'CARMELA', 'COSTA PEREZ', 7, 27, 1),
(605, 'JORGE LUIS', 'CURTO LONG', 7, 46, 2),
(606, 'KARMINA', 'LOPEZ SAAVEDRA', 7, 28, 1),
(607, 'MAGNO KEITER', 'MOZOMBITE RIOS', 7, 46, 2),
(608, 'JAVIER EDUARDO', 'MONTES VASQUEZ', 7, 15, 2),
(609, 'MONICA', 'Lozano Huaycama', 7, 28, 1),
(610, 'GABRIEL ANTONI', 'MONTALVAN PINEDO', 7, 31, 2),
(611, 'JULIO CESAR', 'RENGIFO APUELA', 7, 15, 2),
(612, 'PEDRO ANTONIO', 'PEREZ ISUIZA', 7, 46, 2),
(613, 'ROQUE FERNANDO', 'PIZANGO TAPULLIMA', 7, 13, 2),
(614, 'ANA AURORA DEL ROSARIO', 'PIZANGO HUANCHO', 7, 50, 1),
(615, 'GREGORIO', 'PAREDES COBOS', 7, 28, 2),
(616, 'RUTH', 'RUIZ MORI', 7, 28, 1),
(617, 'CHARLES', 'ROJAS TAMANI', 7, 31, 2),
(618, 'ROY', 'RUIZ ARMAS', 7, 31, 2),
(619, 'LEIDY TATIANA', 'RIOS LOPEZ', 7, 50, 1),
(620, 'MAYRA LYNN', 'SALDA?A PINEDO', 7, 46, 1),
(621, 'JULY', 'SALDA?A VASQUEZ', 7, 28, 1),
(622, 'CARLOS ALBERTO', 'ROJAS CUEVA', 7, 27, 2),
(623, 'RONY', 'YUMBATO RAMIREZ', 7, 31, 2),
(624, 'Antonio Marcos', 'Camones Gonzales', 7, 27, 2),
(625, 'GONZALO', 'SINTI SINARAHUA', 7, 15, 2),
(626, 'CESIAH BIANELA', 'SANGAMA GUTIERREZ', 7, 15, 1),
(627, 'KATIA JENIFER', 'SATALAYA ISUIZA', 7, 31, 1),
(628, 'DORITA DAYANNE', 'SORIA MASLUCAN', 7, 50, 1),
(629, 'CESAR AUGUSTO', 'SOPLIN GONCALVEZ', 7, 13, 2),
(630, 'GERMAN', 'SANCHEZ RODRIGUEZ', 7, 13, 2),
(631, 'KEYTEL GIOVANNI', 'VASQUEZ INUMA', 7, 15, 2),
(632, 'MARIO RAUL', 'VILLANUEVA DIAZ', 7, 13, 2),
(633, 'LLERMER ANDRES', 'TORRES SINARAHUA', 7, 27, 2),
(634, 'FELIX ARMANDO', 'VILLACORTA TORRES', 7, 13, 2),
(635, 'GABRIELE', 'TAMBOR CHOTA', 7, 50, 1),
(636, 'DONALD AARON', 'VELA PIPA', 7, 28, 2),
(637, 'OCTAVIO DANIEL', 'SILVA ZAVALETA', 7, 15, 2),
(638, 'ANTENOR', 'MOZOMBITE PINEDO', 7, 46, 2),
(639, 'Barbaran Ynuma', 'Luisa Angelica', 7, 15, 1),
(640, 'JOANA LLAZMIT', 'DIAZ GUPIO', 7, 50, 1),
(641, 'REYNALDO', 'ACHATA MESTAS', 20, 46, 2),
(642, 'JORGE LUIS', 'APAZA PORTILLA', 20, 15, 2),
(643, 'FLAVIO HILARION', 'CASTA?ON GUTIERREZ', 20, 46, 2),
(644, 'LUIS ARCANGEL', 'BALCON FLORES', 20, 46, 2),
(645, 'CARLOS JAVIER', 'PURIZACA RUIZ', 20, 46, 2),
(646, 'ANA LUISA', 'BARRIGA ZEGARRA', 20, 15, 1),
(647, 'NOE', 'CHAMBILLA ISIDRO', 20, 31, 2),
(648, 'HECTOR SANTIAGO', 'CHULLA VILLA', 20, 31, 2),
(649, 'CESAR', 'CHAVEZ GAVIDIA', 20, 31, 2),
(650, 'WENDY', 'CUEVA CUETO', 20, 31, 1),
(651, 'CLIFFOD DIXSON', 'GUTIERREZ MACHACA', 20, 15, 2),
(652, 'AMEIDA MIRKA', 'HUAYABAN FLORES', 20, 27, 1),
(653, 'LUZ MARINA', 'DELGADO TTITO', 20, 31, 1),
(654, 'MILUSKA', 'NAVARRETE ANCCALLI', 20, 15, 1),
(655, 'MILAGROS', 'MEDRANO MOSCOSO', 20, 31, 1),
(656, 'MARIA EUGENIA', 'PIMENTEL CABRERA', 20, 27, 1),
(657, 'MADELEINE', 'OCHOA SUPANTA', 20, 15, 1),
(658, 'EDWARD JIMMY', 'PANDIA YA?EZ', 20, 15, 2),
(659, 'MELISSA', 'PEDRAZA LIMA', 20, 27, 1),
(660, 'LUIS IVAN', 'TUDELA RIQUELME', 20, 31, 2),
(661, 'TICONA CASANI', 'GLADYS MARGARITA', 20, 27, 1),
(662, 'GLORIA FRANCESCA', 'VALENCIA TEJADA', 20, 27, 1),
(663, 'ROCHELLE', 'VASQUEZ LOVERA', 20, 31, 1),
(664, 'VINCENT', 'SANCHEZ TACOMA', 20, 15, 2),
(665, 'DANIEL', 'RACUA CACHIQUE', 20, 31, 2),
(666, 'NICOLAS', 'RENGIFO OTSUKA', 20, 46, 2),
(667, 'JUAN DE MIGUEL', 'RIVERO YATTO', 20, 15, 2),
(668, 'BASTI ROMINA', 'RAMIREZ MOZOMBITE', 20, 31, 1),
(669, 'CIRILA MONICA', 'TEVES ARCCATA', 20, 27, 1),
(670, 'ARNALDO SEGUNDO', 'JUSTINIANO YENGLE', 2, 23, 2),
(671, 'JUAN CARLOS', 'VERTIZ MORALES', 2, 13, 2),
(672, 'ANTONIO JOSE RUBEN', 'SANTILLAN ALAYO', 2, 35, 2),
(673, 'GLORIA ISABEL', 'TAPIA SALDA?A', 2, 35, 1),
(674, 'DANTE RAMIRO', 'SANCHEZ RODAS', 2, 23, 2),
(675, 'JORGE LUIS', 'JUSTINIANO FELIPE', 2, 40, 2),
(676, 'JOSE SAMUEL', 'VIDARTE MEJIA', 2, 40, 2),
(677, 'ARMIN', 'RAMIREZ TAPULLIMA', 2, 23, 2),
(678, 'DANIEL FELICIANO', 'RIOS LEON', 2, 23, 2),
(679, 'SARITA GENOVEVA', 'ORTIZ ROJAS', 2, 40, 1),
(680, 'LUZ MARLENY', 'RENGIFO GARRO', 2, 35, 1),
(681, 'NANCY ESMERALDA', 'SALAZAR GONZALES', 2, 13, 1),
(682, 'GRIMALDO', 'PURISACA LEYVA', 2, 13, 2),
(683, 'MANUEL', 'AZA?ERO IZQUIERDO', 2, 35, 2),
(684, 'DENYS LORENZO', 'AVILA CUZCO', 2, 35, 2),
(685, 'JULIA MARIBEL', 'CABANILLAS FELIPE', 2, 13, 1),
(686, 'JOSE LUIS', 'CHOLAN PAUCAR', 2, 23, 2),
(687, 'ROLANDO', 'CARO DAMIAN', 2, 13, 2),
(688, 'Hugo Frederihs', 'BUCHELLI TORRES', 2, 40, 2),
(689, 'ANGIE STEPHANIE', 'JULCA GARCIA DE AVILA ', 2, 35, 1),
(690, 'Rahl Jose P', 'Novoa Nieto', 2, 40, 2),
(691, 'JORGE', 'MAX CARDENAS', 2, 40, 2),
(692, 'HUMBERTO EFIGENIO', 'AMAYA OBESO', 2, 23, 2),
(693, 'SERGIO SAMUEL', 'SALINAS MENDIVEZ', 2, 40, 2),
(694, 'ANGEL DEMETRIO', 'GUTIERREZ ALLCCA', 16, 41, 2),
(695, 'OMAR', 'N??EZ COASACA', 16, 56, 2),
(696, 'DINA ELISA', 'CARRASCO CASTILLO', 16, 15, 1),
(697, 'YENI LUDY', 'ARAPA FERNANDEZ', 16, 46, 1),
(698, 'LUDWIN', 'AROCUTIPA MARCA', 16, 13, 2),
(699, 'JUSTO VICTOR', 'ANCCO QUISPE', 16, 40, 2),
(700, 'DIONICIO', 'BARRAZA QUISPE', 16, 14, 2),
(701, 'ABAD ERNESTO', 'APAZA APAZA', 16, 31, 2),
(702, 'JUAN JULIO', 'CCOPA MAMANI', 16, 39, 2),
(703, 'OLIVER EDWIN', 'CHURA DELGADO', 16, 14, 2),
(704, 'JORGE', 'CONDORI CHAVEZ', 16, 13, 2),
(705, 'FREDY LUIS', 'CUTIPA NINA', 16, 13, 2),
(706, 'HERDER GIZEH', 'CARI LARICO', 16, 15, 2),
(707, 'GERARDINO JUVENAL', 'CAUNA HUANCA', 16, 13, 2),
(708, 'JUAN GUALBERTO', 'MAMANI LARICO', 16, 13, 2),
(709, 'YASMANY AUGUSTO', 'GOMEZ VILCA', 16, 15, 2),
(710, 'NESTOR', 'ESCOBAR CHURA', 16, 24, 2),
(711, 'JORGE LUIS', 'HUANCA SERRUTO', 16, 25, 2),
(712, 'RUTH IMELDA', 'DIAZ MENDOZA', 16, 8, 1),
(713, 'LUIS', 'DUE?AS GARAMBEL', 16, 13, 2),
(714, 'John Carlos', 'Quispe Chambi', 16, 24, 2),
(715, 'Noe Ulises', 'Montes de Oca Valencia', 16, 25, 2),
(716, 'HUGO RAIMUNDO', 'ONQUE LLANQUE', 16, 24, 2),
(717, 'EPIFANIO GUALBERTO', 'PAREDES QUISPE', 16, 31, 2),
(718, 'PIO JAIME', 'RUELAS VILCA', 16, 39, 2),
(719, 'YERKO ADEMIR', 'BOZA CONDORENA', 16, 31, 2),
(720, 'JAIME', 'PUMA SALAZAR', 16, 39, 2),
(721, 'FANNY MARLENY', 'VARGAS NAVIA', 16, 8, 1),
(722, 'NESTOR', 'VILCA CALSINA', 16, 15, 2),
(723, 'EDDY ROLANDO', 'TEVES ZENTENO', 16, 40, 2),
(724, 'VICTOR ALBERTO', 'CARPIO MIRANDA', 16, 40, 2),
(725, 'EDWIN MIGUEL', 'CRUZ CUTIPA', 16, 40, 2),
(726, 'MARTINA ALICIA', 'ENRIQUEZ CARPIO', 16, 25, 1),
(727, 'GABRIELA', 'PAREDES FLORES', 16, 13, 1),
(728, 'WILLIAM', 'QUI?ONES GARCIA', 16, 46, 2),
(729, 'ANTONIO', 'GUERRA HUARCAYA', 16, 25, 2),
(730, 'JORGE ANTONIO', 'HUARCAYA FLORES', 16, 8, 2),
(731, 'JOSE', 'HUALLPA VILCA', 16, 39, 2),
(732, 'FELIPE UBALDO', 'LIMACHI RAMOS', 16, 40, 2),
(733, 'JESUS ROBERTO', 'CHAMBILLA NINA', 16, 46, 2),
(734, 'SOFIA', 'PILLCO ENRIQUEZ', 16, 8, 1),
(735, 'MAXIMO', 'MAMANI MAMANI', 16, 15, 2),
(736, 'JUAN MIGUEL', 'BRAVO HUANCA', 16, 40, 2),
(737, 'JULIO WILFREDO', 'CANO OJEDA', 16, 46, 2),
(738, 'LUIS', 'FLORES FLORES', 16, 8, 2),
(739, 'ARTURO', 'CARI YUCRA', 16, 8, 2),
(740, 'JUAN ENRIQUE', 'CHIQUE GOMEZ', 16, 15, 2),
(741, 'Edgar Benjam?n', 'Apaza Apaza', 16, 10, 2),
(742, 'ZENAIDA', 'CONDORI APAZA', 16, 13, 1),
(743, 'ELOY', 'GALINDO MORALES', 16, 24, 2),
(744, 'POLICARPIO PAULINO', 'ALEJO SAIRITUPAC', 16, 14, 2),
(745, 'NORKA NOEMI', 'ARDILES CATACORA', 16, 15, 1),
(746, 'DEYVI RONALD', 'BARROS RODRIGUEZ', 4, 13, 2),
(747, 'SILVIA JULY', 'GAMBOA LOPEZ', 4, 15, 1),
(748, 'JOSE', 'CHUQUEZ LEZAMA', 4, 15, 2),
(749, 'VILMA CELIA', 'CHAVEZ AGUILAR', 4, 15, 1),
(750, 'PATRICIA MARIELINA', 'ESQUIBEL ALFARO', 4, 15, 1),
(751, 'LUIS EDUARDO', 'OTOYA ZURCHER', 4, 15, 2),
(752, 'ALFREDO ISAAC', 'PAREDES MARQUINA', 4, 13, 2),
(753, 'LIDIA', 'CASANA POLO', 4, 27, 1),
(754, 'JORGE ALBERTO', 'NARVAEZ URQUIZA', 4, 46, 2),
(755, 'VIOLETA', 'VERGARA VARGAS', 4, 46, 1),
(756, 'CARLOS PEDRO', 'CASTA?EDA TORRES', 4, 46, 2),
(757, 'PERCY ROGER', 'SALDA?A ALVARADO', 4, 46, 2),
(758, 'PEDRO LUIS', 'VEL?SQUEZ RODR?GUEZ', 4, 15, 2),
(759, 'WUILSON FREDY', 'MAMANI MAMANI', 22, 46, 2),
(760, 'JUSTO', 'ANQUISE NINA', 22, 14, 2),
(761, 'ANASTACIO ALBERTO', 'AJAJAHUI PAREDES', 22, 24, 2),
(762, 'GICELA LIDIA', 'APAZA ALFARO', 22, 27, 1),
(763, 'ELOY', 'CHOQUE VARGAS', 22, 24, 2),
(764, 'EDIBERTO', 'CHURA MENDOZA', 22, 40, 2),
(765, 'ROSA MILAGROS', 'CARRANZA FLORES', 22, 27, 1),
(766, 'SANTOS VALERIO', 'CASILLA AMESQUITA', 22, 24, 2),
(767, 'JOSE JULIO', 'CHAMBILLA COLQUE', 22, 14, 2),
(768, 'FLORENCIO OMAR', 'CRUZ VELASQUEZ', 22, 41, 2),
(769, 'SANTIAGO ALFONSO', 'COLANA CHAVEZ', 22, 34, 2),
(770, 'MIGUEL ANGEL', 'FLORES FLORES', 22, 12, 2),
(771, 'MIGUEL ANGEL', 'CORI FERNANDEZ', 22, 46, 2),
(772, 'ANA MARIA', 'ESCOBEDO MAITA', 22, 14, 1),
(773, 'EDGAR LUIS', 'FLORES VALDEZ', 22, 41, 2),
(774, 'ALFREDO CESAR', 'HUACAN PUMA', 22, 24, 2),
(775, 'RONALD JOSE', 'JIMENEZ GUEVARA', 22, 12, 2),
(776, 'ELIZABETH', 'GUILLEN RAMOS', 22, 50, 1),
(777, 'YENNY GEYDDY', 'GUTIERREZ MACHACA', 22, 50, 1),
(778, 'ENRIQUE ABELARDO', 'MAMANI MEZA', 22, 15, 2),
(779, 'CESAR AUGUSTO', 'MALDONADO CHAVEZ', 22, 46, 2),
(780, 'ELIANA ANGELITA', 'OBANDO GOMEZ', 22, 34, 1),
(781, 'MARIELA', 'MALDONADO ESCOBEDO', 22, 34, 1),
(782, 'ERIK DARWING', 'MAYDANA ITURRIAGA', 22, 46, 2),
(783, 'MARIO GERMAN', 'MACEDO GUILLEN', 22, 24, 2),
(784, 'ISABEL', 'SARCO HANCCO', 22, 15, 1),
(785, 'MADELEINE ALEJANDRINA', 'RAMOS GUTIERREZ FERNANDEZ DAVILA', 22, 12, 1),
(786, 'KATTY ROXANA', 'ROJAS LEON', 22, 12, 1),
(787, 'LEONARDO ZACARIAS', 'SUNI CARBAJAL', 22, 46, 2),
(788, 'ROSA LYLLIAN', 'VALDIVIA DE SALAS', 22, 27, 1),
(789, 'NELLY YONNY', 'ZEBALLOS MEDINA', 22, 50, 1),
(790, 'JOSE WILSON', 'VASQUEZ VILCHEZ', 22, 50, 2),
(791, 'ANTONIO IGNACIO', 'JAHUIRA AZA', 22, 46, 2),
(792, 'MARIANELA MARIBEL', 'VENTURA CANDIA', 22, 34, 1),
(793, 'JULIO MODESTO', 'LAURA CURASI', 22, 40, 2),
(794, 'ROGER ALBERTO', 'A?AMURO CONDORI', 16, 13, 2),
(795, 'FLAVIO', 'MANRIQUE FLORES', 16, 13, 2),
(796, 'PAUL NOE', 'APAZA HUMPIRI', 16, 13, 2),
(797, 'VENTURA APAZA', 'LIBIA AURORA', 16, 13, 1),
(798, 'JUAN JOSE', 'MOCHCCO INCA', 12, 46, 2),
(799, 'SEBASTIAN', 'MOREYRA FLORES', 12, 46, 2),
(800, 'WILFREDO', 'LICLA RIVERA', 12, 22, 2),
(801, 'HERMINIO ALBERTO', 'ALVARO LOPEZ', 12, 46, 2),
(802, 'WILMAN SATURNINO', 'GALINDO DE LA TORRE', 12, 13, 2),
(803, 'BIVIANO', 'PAUCAR MISAICO', 12, 39, 2),
(804, 'ISABEL', 'ORCON VILCHEZ', 12, 27, 1),
(805, 'ADRIAN', 'ALCA CHAVEZ', 12, 13, 2),
(806, 'COYO LUCIO', 'CARDENAS SOTO', 14, 15, 2),
(807, 'ALEJANDRINA MICAELA', 'BELLIDO NAVARRO', 14, 51, 1),
(808, 'BETTY', 'BORJA PEINADO', 14, 2, 1),
(809, 'JORGE LUIS', 'ALIAGA FLORES', 14, 15, 2),
(810, 'CARLOS DAVID', 'BLAS CONDOR', 14, 46, 2),
(811, 'VICTOR JAVIER', 'GARCIA INGA', 14, 39, 2),
(812, 'FLAVIANO', 'GOMEZ CHANCA', 14, 15, 2),
(813, 'HINOSCA ANTONIETA', 'ESPINOZA VILCAHUAMAN', 14, 27, 1),
(814, 'JOSE', 'EVANGELISTA DAGA', 14, 2, 2),
(815, 'FRANCISCO HUGO', 'GUTELIUS RIOS', 14, 2, 2),
(816, 'RODRIGUEZ ESPEJO', 'EVELYN JULIA', 14, 51, 1),
(817, 'JOSE ALFREDO', 'HUAMAN MACHADO', 14, 2, 2),
(818, 'Irma Consuelo', 'Orellana Villalobos', 14, 15, 1),
(819, 'YGNACIO EDISON', 'OSORES FLORES', 14, 46, 2),
(820, 'FREDDY', 'MENDOZA AURIS', 14, 39, 2),
(821, 'Edith Roxana', 'Mu?oz Echevarria', 14, 51, 1),
(822, 'MOLINA ZENTENO', 'JORGE TOB?AS', 14, 13, 2),
(823, 'VILMA SOLEDAD', 'ROSALES TORRES', 14, 27, 1),
(824, 'YOMAR ISCELA DOROTHY', 'ROJAS CASTILLO', 14, 51, 1),
(825, 'EDGAR WILFREDO', 'PALACIOS MATTOS', 14, 13, 2),
(826, 'OSCAR RENEE', 'PANEZ LIZARGA', 14, 13, 2),
(827, 'ANGELA KARINA', 'RECUAY SALCEDO', 14, 2, 1),
(828, 'CIRO RUFINO', 'QUILCA QUISPE', 14, 2, 2),
(829, 'Robert Wilman', 'VINGOLO OSORIO', 14, 2, 2),
(830, 'MARIA MAGDALENA', 'TAIPE FLORES', 14, 46, 1),
(831, 'Jose Arturo', 'VILA DE LA CRUZ', 14, 39, 2),
(832, 'ALAIN BRISEN', 'RUTTI CHACHICO', 14, 46, 2),
(833, 'Jose Fernando', 'YARASCA RIVERA', 14, 39, 2),
(834, 'Miguel Anibal', 'CERRON ALIAGA', 14, 2, 2),
(835, 'NICOLAS ANTONIO', 'HUARI GARAY', 14, 13, 2),
(836, 'MARISOL', 'NOLASCO ROMERO', 14, 27, 1),
(837, 'WALTER MATEO', 'GAMARRA FIGUEROA', 14, 39, 2),
(838, 'JOEL SABINO', 'GUERRA TAQUIA', 14, 39, 2),
(839, 'EDGAR CIRILO', 'PONCE MARMOLEJO', 14, 2, 2),
(840, 'JHONNY ANTIDORO', 'ESPINOZA QUISPE', 14, 13, 2),
(841, 'GREGORIO RUFFO', 'ORIHUELA LOZANO', 14, 46, 2),
(842, 'SONIA EMILIA', 'LOPEZ CAMARENA', 14, 27, 1),
(843, 'ELSA', 'BALDEON ASTUHUAMAN', 1, 39, 1),
(844, 'BLANCA', 'BAZAN HIDALGO', 1, 42, 1),
(845, 'RICARDO', 'CARBAJAL VARELA', 1, 42, 2),
(846, 'EDWIN JHONATAN', 'COPACONDORI QUISPE', 1, 25, 2),
(847, 'WALTER ROBERTO', 'CACERES SILVA', 1, 14, 2),
(848, 'MOISES FERNANDO', 'CHUMBEZ RODRIGUEZ', 1, 39, 2),
(849, 'JAIME AGUSTIN', 'ALEGRE MINAYA', 1, 42, 2),
(850, 'CESAR EDGARDO', 'BRICE?O AVALOS', 1, 40, 2),
(851, 'JUAN JOSE', 'ACU?A SEMINO', 1, 13, 2),
(852, 'JORGE LUIS', 'GUERRERO CARDENAS', 1, 25, 2),
(853, 'WALTER EMILIO', 'FUENTES GONZALES', 1, 14, 2),
(854, 'GUITHER ANGEL', 'GALLARDO CAMARA', 1, 24, 2),
(855, 'JOHNNY PETER', 'DIAZ QUILLA', 1, 13, 2),
(856, 'JAVIER RICARDO', 'DURAND TACUCHE', 1, 42, 2),
(857, 'CARLOS ALBERTO', 'ESTRADA YNDIGOYEN', 1, 39, 2),
(858, 'WILFREDO LUIS', 'HUAMAN MAURICIO', 1, 40, 2),
(859, 'ULISES', 'PAUYAC HUAMAN', 1, 25, 2),
(860, 'ERNESTO ANTONIO', 'NU?EZ AMACIFUEN', 1, 14, 2),
(861, 'MIGUEL ANGEL', 'HERRERA MASIAS', 1, 39, 2),
(862, 'JULIO CESAR', 'JAUREGUI SOTELO', 1, 13, 2),
(863, 'CESARIO ODILON', 'NANETTI SANDOVAL', 1, 39, 2),
(864, 'MARIO', 'TOLEDO VALLEJOS', 1, 40, 2),
(865, 'MARIO ROLANDO', 'SAICO OSCCO', 1, 24, 2),
(866, 'RAUL FRANCISCO', 'SALAZAR JAUREGUI', 1, 13, 2),
(867, 'LISSETH AUREA', 'ROMERO MORENO', 1, 42, 1),
(868, 'JAMES', 'ORTEGA PEREIRA', 1, 40, 2),
(869, 'VICTOR ABDEL', 'ROJAS SANTILLAN', 1, 24, 2),
(870, 'JUSTO ALFONSO', 'ALVARADO PALACIOS', 1, 25, 2),
(871, 'VICENTE CONSTANTINO', 'MAYTA CHUQUIN', 1, 25, 2),
(872, 'RUBIN', 'CARDENAS CHAVEZ', 1, 39, 2),
(873, 'DELICIA AGUILA', 'CANO LOPEZ', 1, 13, 1),
(874, 'OSCAR EDUARDO', 'SANCHEZ MENDOZA', 1, 24, 2),
(875, 'JULIO CESAR', 'LEON DURAND', 1, 40, 2),
(876, 'EFRAIN', 'TORRE OLARTE', 1, 13, 2),
(877, 'DAVID MAURO', 'LI?AN ACERO', 1, 40, 2),
(878, 'CESAR', 'QUISPE TITO', 1, 40, 2),
(879, 'JUAN CLEMENTE', 'ARIAS BLANCO', 1, 25, 2),
(880, 'RAIMUNDO ROMAN', 'INGA SANTIANI', 1, 39, 2),
(881, 'WALTER MANUEL', 'TINEDO NAVARRO', 13, 3, 2),
(882, 'MANUEL ALCIDES', 'MERINO RUJEL', 13, 3, 2),
(883, 'CELINDA', 'MONTALVAN MONDRAG?N', 13, 43, 1),
(884, 'Karen Edith', 'Jaramillo Carmen', 13, 3, 1),
(885, 'JUAN FRANCISCO', 'CRISANTO QUISPE', 13, 2, 2),
(886, 'BERTHA NAVELISA', 'ESCOBAR TALLEDO', 13, 15, 1),
(887, 'MANUEL EDUARDO', 'CARRASCO ESPINOZA', 13, 12, 2),
(888, 'GERARDO ARTURO', 'ALTUNA TOCTO', 13, 12, 2),
(889, 'HENDER DANIEL', 'CRUZ IPARRAGUIRRE', 13, 12, 2),
(890, 'EDHER IVAN', 'MARTINEZ PURIZACA', 13, 2, 2),
(891, 'FERMIN ADALBERTO', 'JIMENEZ ESPINOZA', 13, 15, 2),
(892, 'ANGEL', 'GALLO LLACSAHUANGA', 13, 41, 2),
(893, 'ALFONSO GODOFREDO', 'LEON RAMIREZ', 13, 12, 2),
(894, 'OMAR FELIX', 'GARCIA MENA', 13, 2, 2),
(895, 'ORLANDO', 'NAVARRO BAUTISTA', 13, 41, 2),
(896, 'PACHERRES PALOMINO', 'PEDRO LUCIANO', 13, 15, 2),
(897, 'JHONY YSMAEL', 'PALACIOS HERRERA', 13, 41, 2),
(898, 'JAVIER EDUARDO', 'SAAVEDRA RETO', 13, 12, 2),
(899, 'PEDRO JAIME', 'PE?A YOVERA', 13, 41, 2),
(900, 'MIGUEL ANGEL', 'SIDOYNE URDANEGUI', 13, 12, 2),
(901, 'NATIVIDAD', 'PINTADO GUARNIZO', 13, 2, 1),
(902, 'ESTHER ELIZABETH', 'VIVAS LANDA', 13, 15, 1),
(903, 'RUPERTO', 'ZAPATA CAMACHO', 13, 41, 2),
(904, 'FEDERICO SIMON', 'YARLEQUE MOSCOL', 13, 41, 2),
(905, 'JOSE MARTIN', 'VEINTIMILLA GUERRERO', 13, 2, 2),
(906, 'JOSE DEL CARMEN', 'NEYRA ORTIZ', 13, 41, 2),
(907, 'RA?L ADOLFO', 'PURIZACA MART?NEZ', 13, 12, 2),
(908, 'MARIA NOEMI', 'TASSARA ZAPATA', 13, 15, 1),
(909, 'PATRICIA JANET', 'BENITES YGLESIAS', 1, 12, 1),
(910, 'JAVIER', 'ALARCON MAYTA', 1, 15, 2),
(911, 'CARMEN ROSA', 'ACCO GAVILAN', 1, 30, 1),
(912, 'ELIZABETH MARIA', 'AYALA SALINAS', 1, 27, 1),
(913, 'GLADYS ESTHER', 'BUITRON DELGADO', 1, 30, 1),
(914, 'ELSA MARY', 'CASTILLA ALMEYDA', 1, 15, 1),
(915, 'TERESA JESUS', 'CAJO ROJAS', 1, 15, 1),
(916, 'Vicente', 'Egusquiza Poso', 1, 27, 2),
(917, 'Cesar Augusto', 'Curampa De la Cruz', 1, 39, 2),
(918, 'SEBERINO ALBERTO', 'CANELO BLAS', 1, 30, 2),
(919, 'CARDENAL', 'IPURRE CONTRERAS', 1, 15, 2),
(920, 'DANIEL', 'QUISPE DE LA TORRE', 1, 27, 2),
(921, 'NORMA YOLANDA', 'QUISPE MOLINA', 1, 15, 1),
(922, 'SANDRA', 'ORE CALDERON', 1, 27, 1),
(923, 'CARMEN LUCY', 'RAMOS SUMOSO', 1, 15, 1),
(924, 'YOLANDA', 'SUAREZ DIAZ', 1, 30, 1),
(925, 'CARLOS ALEJANDRO', 'TASAYCO YATACO', 1, 12, 2),
(926, 'HECTOR', 'VIDALON JORGE', 1, 12, 2),
(927, 'MOISES', 'VARGAS SOTO', 1, 39, 2),
(928, 'VDA DE PIEDRA ZOILA AMADA', 'VILLAGARAY MAGUI?A', 1, 27, 1),
(929, 'NORMA HAYDEE', 'YNDIGOYEN MEDINA', 1, 30, 1),
(930, 'Luis Agustin', 'Mamani Chipana', 1, 39, 2),
(931, 'NILTON AQUILES', 'MICHUY SUYO', 1, 12, 2),
(932, 'LOURDES MARITZA', 'FLORES BENITO', 16, 15, 1),
(933, 'JUAN EDGAR', 'CHURA CHURA', 16, 1, 2),
(934, 'ABRAHAM WILY', 'CANAHUA AGUILAR', 16, 1, 2),
(935, 'ADINA', 'ESPINOZA CASTILLO', 16, 27, 1),
(936, 'VLADIMIR ROBERTO', 'CRESPO ENDARA', 16, 1, 2),
(937, 'JOSE ALFREDO', 'ARTETA CASTILLO', 16, 2, 2),
(938, 'NAZARIO NEPTALY', 'LAURA CHIPANA', 16, 46, 2),
(939, 'KAREN EDITH', 'LENCINAS VALERIANO', 16, 2, 1),
(940, 'MIRIAM MARITZA', 'JILAJA CARITA', 16, 15, 1),
(941, 'MELITON', 'HUACASI GONZALES', 16, 15, 2),
(942, 'FRANCISCA AYDEE', 'LOPEZ HERMOSILLA', 16, 27, 1),
(943, 'ORLANDO TITO', 'LLANOS GONZALES', 16, 1, 2),
(944, 'HUGO', 'QUINTO CHUQUIMAMANI', 16, 15, 2),
(945, 'HILDA', 'QUISPE MAMANI', 16, 53, 1),
(946, 'ROSARIO GLADYS', 'PONCE YUPANQUI', 16, 27, 1),
(947, 'EUSEBIO ERNESTO', 'MORALES APAZA', 16, 27, 2),
(948, 'BENEDICTO RICARDO', 'MAMANI PORTILLO', 16, 27, 2),
(949, 'DEMETRIO', 'PALACIOS CHIQUI', 16, 15, 2),
(950, 'ELOY', 'VENEGAS LOZA', 16, 46, 2),
(951, 'FANNY MERCEDES', 'GALINDO SILVA', 16, 27, 1),
(952, 'MILVAR', 'VELASQUEZ YUPANQUI', 16, 53, 2),
(953, 'JORGE', 'RAMOS SURCO', 16, 2, 2),
(954, 'EDWIN JUAN', 'RAMOS QUISPE', 16, 1, 2),
(955, 'JUSTINIANO EDWIN', 'RODRIGUEZ FLORES', 16, 53, 2),
(956, 'FLAVIO ERNESTO', 'INOFUENTE RAMIREZ', 16, 2, 2),
(957, 'MARIO LUCIO', 'HUAYTA MOLINA', 16, 2, 2),
(958, 'JORGE FELIX', 'JIMENEZ CARCAUSTO', 16, 46, 2),
(959, 'AMANDA MERCEDES', 'RODRIGUEZ PUERTAS', 16, 27, 1),
(960, 'GLADYS MARLENY', 'RAMOS DUE?AS', 16, 2, 1),
(961, 'MARYLDA LUSCELIA', 'QUISPE CONDEMAYTA', 16, 46, 1),
(962, 'LUQUI OLIVA', 'BARCO CALLE', 1, 25, 1),
(963, 'LINO JESUS', 'BAZAN MALCA', 1, 39, 2),
(964, 'CINTHIA ZENOBIA', 'ANGULO SIHUINTA', 1, 15, 1),
(965, 'EDGAR AGUSTIN', 'BENAVENTE FLORES', 1, 13, 2),
(966, 'CARLOS ENRIQUE', 'AVALOS CHAUCA', 1, 25, 2),
(967, 'LUIS ANTONIO', 'CANALES LEON', 1, 2, 2),
(968, 'RAFAEL', 'AR?VALO VERA', 1, 2, 2),
(969, 'OLGA VICTORIA', 'CHOQUE MARTINEZ', 1, 50, 1),
(970, 'ROSA YRENE', 'CANCHARIS MATIAS', 1, 50, 1),
(971, 'MAURICIO CESAR', 'CAYCHO COLCA', 1, 2, 2),
(972, 'VICTOR JULIO', 'CHAVEZ ISASI', 1, 39, 2),
(973, 'GUENDE YUVIZA', 'DEXTRE PUELLES', 1, 50, 1),
(974, 'LUIS TRANSITO', 'GALDOS BENDEZU', 1, 40, 2),
(975, 'ROSA ANA', 'HERRERA AGUILAR', 1, 15, 1),
(976, 'FILIBERTO', 'Gonz?les G?mez', 1, 15, 2),
(977, 'PILAR', 'HERNANDEZ VILLANUEVA', 1, 15, 1),
(978, 'JUAN CARLOS', 'HERNANDEZ SAONA', 1, 13, 2),
(979, 'ELOY HUMBERTO', 'COJAL TORRES', 1, 13, 2),
(980, 'MIGUEL HUMBERTO', 'PARIONA AYLLON', 1, 40, 2),
(981, 'NELI ELIZABETH', 'MEJIA MARCACUZCO', 1, 40, 1),
(982, 'JUAN FLORENCIO', 'HUAMAN CAVALCANTE', 1, 2, 2),
(983, 'ROSMARY', 'MOSCOSO RIVEROS', 1, 50, 1),
(984, 'MICHELS', 'PACHAMANGO MACEDO', 1, 13, 2),
(985, 'JOSE ANTONIO', 'CIEZA PEREZ', 1, 25, 2),
(986, 'HUGO WILLIAM', 'QUISPE SANTIAGO', 1, 13, 2),
(987, 'GLADIS MARUJA', 'RAMIREZ QUISPE', 1, 50, 1),
(988, 'VICTOR ANDRES', 'RODRIGUEZ AGUIRRE', 1, 2, 2),
(989, 'MARIA LOURDES', 'QUISPE TENORIO', 1, 50, 1),
(990, 'RAYMONDI', 'RAMOS VARGAS', 1, 15, 2),
(991, 'CARLOS RAFAEL', 'PINEDA MEJIA', 1, 15, 2),
(992, 'MARIBEL', 'ZAMATA QUISPE', 1, 40, 1),
(993, 'MARCOS ANTONIO', 'SANDOVAL YEREN', 1, 13, 2),
(994, 'ELDA BEATRIZ', 'MALAVER ZEGARRA', 1, 15, 1),
(995, 'GEORGE ULISES', 'PINTO YUGRA', 1, 25, 2),
(996, 'ELUZIBETH JUANA', 'VIA PUENTE', 1, 2, 1),
(997, 'SILVIA AURORA', 'SERNAQUE ROMERO', 1, 39, 1),
(998, 'WILLY ANDRES', 'ADAUTO MEDINA', 1, 55, 2),
(999, 'WILDER EDUARDO', 'CASTRO AMAYA', 1, 2, 2),
(1000, 'RUTH PATRICIA', 'AR?VALO VERA', 1, 55, 1),
(1001, 'OSWALDO JOSE', 'BENITES ARIAS', 1, 55, 2),
(1002, 'LEONARD', 'CANALES LEON', 1, 13, 2),
(1003, 'JUAN JOSE', 'MONTA?O VEGA', 1, 39, 2),
(1004, 'ANTONIO', 'PAREDES HERNANDEZ', 1, 39, 2),
(1005, 'DOMINGO DECILOS', 'TAMARIZ ADRIANZEN', 1, 15, 2),
(1006, 'FERNANDO MART?N', 'TORRES ARAGON', 1, 40, 2),
(1007, 'ALEJANDRO EUTENIO', 'DURAND GARCIA', 1, 40, 2),
(1008, 'JORGE ARMANDO', 'HINOJOSA BAUTISTA', 1, 25, 2),
(1009, 'ROGER OCTAVIO', 'QUINTEROS OSORIO', 1, 25, 2),
(1010, 'NICANOR', 'CACHI RAMOS', 1, 2, 2),
(1011, 'YRENE MARTHA', 'CIFRE GRANDE', 1, 50, 1),
(1012, 'ENRIQUE RUDY', 'GARCIA YNFANZON', 1, 39, 2),
(1013, 'GREGORIO', 'YOVERA SOSA', 1, 40, 2),
(1014, 'F?LIX ANTONIO', 'RIVERA RUIZ', 1, 2, 1),
(1015, 'JOS? EDUARDO', 'VEGA ESTRADA,', 1, 13, 2),
(1016, 'JOSE ANTONIO', 'MONTERO FLORES', 1, 39, 2),
(1017, 'JOSE RAUL', 'TRIBE?O RODRIGUEZ', 1, 37, 2),
(1018, 'MIRYAM ROSA', 'BARRANTES RICCE', 1, 15, 1),
(1019, 'ALIPIO JUAN', 'VELOZ CASTRO', 1, 25, 2),
(1020, 'CRISTINA ROSARIO', 'ACEVEDO ESCOBAR', 1, 42, 1),
(1021, 'PEDRO PABLO', 'PADILLA PARILLO', 1, 39, 2),
(1022, 'HUMBERTO', 'HUAMANI PALOMINO', 1, 40, 2);
INSERT INTO `usuario` (`id`, `nombres`, `apellidos`, `idregion`, `idespecialidad`, `idgenero`) VALUES
(1023, 'ROSA MARIA', 'DURAN ANGEL', 1, 15, 1),
(1024, 'MARIA ELIZABETH', 'CARRANZA HUARCA', 1, 55, 1),
(1025, 'NATALY', 'RODRIGUEZ GALINDO', 1, 50, 1),
(1026, 'ZAYDA', 'BALTAZAR CORDOVA', 23, 27, 1),
(1027, 'SINDY XIOMARA', 'CAYO MERMA', 23, 46, 1),
(1028, 'JOBER', 'QUISPE TAIPE', 23, 46, 2),
(1029, 'CATHIA YESSENIA', 'NAVARRETE ARGUEDAS', 23, 27, 1),
(1030, 'JONATHAN', 'HUALLPAYUNCA PILLCO', 23, 46, 2),
(1031, 'Patricia Eva', 'Medina Llontop', 23, 27, 1),
(1032, 'Wilber', 'Yucra Carbajal', 23, 14, 2),
(1033, 'RUDY', 'QUINTANILLA CARDENAS', 23, 46, 2),
(1034, 'JUAN CARLOS', 'PAUCAR QUISPE', 23, 14, 2),
(1035, 'ROBERTO', 'PALOMINO HUAMAN', 23, 46, 2),
(1036, 'F?LIX', 'VALENCIA HUAMAN', 23, 46, 2),
(1037, 'LUIS', 'CISNEROS AYALA', 23, 14, 2),
(1038, 'Diva Cirila', 'Mansilla Galvez', 23, 21, 1),
(1039, 'Nelly Caro', 'Valencica Cutipa', 23, 27, 1),
(1040, 'ROLANDO RAUL', 'FLORES SINCHE', 17, 46, 2),
(1041, 'SABINIANO', 'RAMOS QUISPE', 17, 46, 2),
(1042, 'ANTONIO', 'ESPLANA BASTIDAS', 17, 46, 2),
(1043, 'NARCISO', 'BOLIVIA YUPANQUI', 17, 46, 2),
(1044, 'MIIGUEL ANGEL', 'VILA HERRERA', 17, 46, 2),
(1045, 'HELBERTH PAUL', 'ARENAS PAREDES', 15, 13, 2),
(1046, 'REBECA', 'CCAMA APAZA', 15, 32, 1),
(1047, 'WILFREDO JORGE', 'CHAVEZ ILASACA', 15, 13, 2),
(1048, 'CARLOS RICARDO', 'HANCO CERVANTES', 15, 32, 2),
(1049, 'ZULOAGA CASTILLO', 'BERENICE ANA', 15, 46, 1),
(1050, 'SALINAS LUNA', 'RUB?N ALBERTO', 15, 13, 2),
(1051, 'RUPERTO JUAN', 'VILLACA CAHUANA', 15, 46, 2),
(1052, 'SELGUIN FERNANDO', 'DIAZ MIRANDA', 15, 13, 2),
(1053, 'INES FLORA', 'VERA FARFAN', 15, 32, 1),
(1054, 'PERCY MANUEL', 'VEGA VILLASANTE', 15, 46, 2),
(1055, 'JUAN OSCAR', 'MAMANI CONDORENA', 15, 39, 2),
(1056, 'MARTINA MARIA', 'MEDINA CRUZ', 15, 32, 1),
(1057, 'Maribel', 'Molina Barriga', 15, 13, 1),
(1058, 'RENAN BENIGNO JESUS', 'CUADROS SANTOS', 15, 46, 2),
(1059, 'Segisfredo Amadeo', 'Gonzales Andia', 15, 39, 2),
(1060, 'KATHERINE', 'CORONEL ROJAS', 15, 32, 1),
(1061, 'MARY', 'BONIFACIO CAMPOS', 14, 27, 1),
(1062, 'ALBINO ', 'ALCANTARA CONDEZO', 14, 15, 2),
(1063, 'SOSA', 'ANTONIO PERFECTO', 14, 15, 2),
(1064, 'EDSON GILVER', 'FERNANDEZ PALACIN', 14, 46, 2),
(1065, 'ANA LEYDA GREGORIA', 'DE LA CRUZ BORJAS', 14, 27, 1),
(1066, 'LUIS MIGUEL', 'LEONARDO FABI?N', 14, 46, 2),
(1067, 'CLARA MARIA', 'GRIJALBA ALCANTARA', 14, 27, 1),
(1068, 'JULVANDIZ ALBERTH', 'MALLQUI CORONEL', 14, 27, 2),
(1069, 'BENIGNA DORIS', 'MARTINEZ MU?OZ', 14, 46, 1),
(1070, 'LUIS', 'CHUQUIPOMA ALVARO', 14, 15, 2),
(1071, 'LUIS FERNANDO', 'DE LA CRUZ QUISPE', 14, 46, 2),
(1072, 'BRIGIDA', 'VENTURO HERBAS', 14, 15, 1),
(1073, 'PILAR ROCIO', 'QUI?ONES RECUAY', 14, 27, 1),
(1074, 'ANGELICA', 'SANCHEZ CASTRO', 14, 27, 1),
(1075, 'VANESSA', 'MATENCIO GERONIMO', 14, 15, 1),
(1076, 'OBDULIO VICENTE', 'CA?ARI FERNANDEZ', 14, 46, 2),
(1077, 'ANGEL SANTIAGO', 'PARQUE GUTARRA', 14, 15, 2),
(1078, 'Manuel Renan', 'Pi?as Rivas', 14, 46, 2),
(1079, 'MARIBEL', 'ROJAS URIBE', 14, 15, 1),
(1080, 'ADANIA ELENA', 'PACHECO PUCHOC', 14, 27, 1),
(1081, 'CIRO GUSTAVO', 'POZO OLIVERA', 14, 13, 2),
(1082, 'CARLOS EDUARDO', 'PRIVAT JESUS', 14, 13, 2),
(1083, 'JUAN ELIAS', 'CHAMORRO ASORZA', 14, 39, 2),
(1084, 'IRIS LUZ', 'MU?ASQUI RIVERA', 14, 15, 1),
(1085, 'HERNAN JAVIER', 'CORDOVA CHAVEZ', 14, 15, 2),
(1086, 'LOURDES CARMEN', 'AGUILAR BERROSPI DE CALIXTO', 14, 27, 1),
(1087, 'PERCY NICOLAS', 'ALANIA APOLINARIO', 14, 13, 2),
(1088, 'Moises', 'Matusaki Zambrano', 14, 15, 2),
(1089, 'David', 'Lazo Cortez', 14, 25, 2),
(1090, 'NERY AMELIA', 'MARTINEZ BALDEON', 14, 15, 1),
(1091, 'LINA MAYRA', 'JIMENEZ YUPARI', 14, 13, 1),
(1092, 'JAVIER', 'LAURA CANTARO', 14, 39, 2),
(1093, 'EFRAIN GABRIEL', 'MEZA ROMERO', 14, 13, 2),
(1094, 'Freddy Jesus', 'Ingaruca Orihuela', 14, 25, 2),
(1095, 'ELVIS ARTURO', 'HIDALGO CORNEJO', 14, 39, 2),
(1096, 'JAVIER NEPTALI', 'ESTACIO CAMPO', 14, 25, 2),
(1097, 'ROBERT', 'GUTIERREZ FLORES', 14, 13, 2),
(1098, 'EDGAR SAUL', 'FERNANDEZ JIMENEZ', 14, 15, 2),
(1099, 'ARMANDO', 'CASO TRUJILLO', 14, 25, 2),
(1100, 'NELIDA', 'ALBORNOZ RAMOS', 14, 27, 1),
(1101, 'DINA ZORAIDA', 'ARRIETA RIVERA', 14, 13, 1),
(1102, 'ADOLFO', 'BRAVO GALVEZ', 14, 7, 2),
(1103, 'PEDRO BEKER', 'CHAVEZ CANEZ', 14, 25, 2),
(1104, 'NATALI ELISABETH', 'PE?A POMACHAGUA', 14, 39, 1),
(1105, 'LUIS ALBERTO', 'SANTIVA?EZ VEGA', 14, 25, 2),
(1106, 'EDMUNDO', 'HERMOZA RUIZ', 15, 40, 2),
(1107, 'ERIKA MARISOL', 'COAGUILA VALDIVIA', 15, 20, 1),
(1108, 'ANGELA FLORA', 'APAZA MEJIA', 15, 40, 1),
(1109, 'SIMON CIRINEO', 'HUACO DE LA CRUZ', 15, 20, 2),
(1110, 'JAIME', 'PARI TAPARA', 15, 20, 2),
(1111, 'EVELYN', 'GARCIA SAAVEDRA', 15, 40, 1),
(1112, 'EDUARDO AMARANTO', 'RIVERA BEGAZO', 15, 40, 2),
(1113, 'WALTER CERAFIN', 'SANTIBA?EZ CARPIO', 15, 40, 2),
(1114, 'GERARDO', 'ALVAREZ JAEN', 15, 20, 2),
(1115, 'Uriel', 'Ocampo Figueroa', 23, 13, 2),
(1116, 'YESSICA PAOLA', 'CORNEJO CAPU?AY', 23, 32, 1),
(1117, 'ROCIO', 'FLOREZ CAMARA', 23, 8, 1),
(1118, 'ADELAIDO', 'CARHUASUICA AIRAMPO', 23, 46, 2),
(1119, 'HERMITA?O', 'ATAUSINCHE RIVAS', 23, 46, 2),
(1120, 'ROGER CHRISTIAM', 'GIRALDO ASCENCIO', 23, 13, 2),
(1121, 'SEGUNDO MANUEL', 'MARIN HERRERA', 23, 15, 2),
(1122, 'MARCO', 'HERMOZA ATAUSINCHI', 23, 46, 2),
(1123, 'Celina Micaela', 'Mas?as Santos de Atausinchi', 23, 15, 1),
(1124, 'ANGGELA LORENA', 'ORTIZ DORADO', 23, 31, 1),
(1125, 'Eliezer', 'Mamani Condori', 23, 32, 2),
(1126, 'JOSUE', 'RENGIFO HINOJOSA', 23, 32, 2),
(1127, 'JOSE LUIS', 'PIMENTEL ZEGARRA', 23, 13, 2),
(1128, 'TANIA', 'RADO ZUNIGA', 23, 15, 1),
(1129, 'PAOLA GIOVANNA', 'PE?A VILLAFUERTE', 23, 31, 1),
(1130, 'JOSE MANUEL', 'PORTUGAL GARCIA', 23, 32, 2),
(1131, 'ALEX FERNANDO', 'HUILLCA HUAMAN', 23, 13, 2),
(1132, 'ESTEBAN', 'ANCAJIMA IPANAQUE', 13, 3, 2),
(1133, 'JUAN CARLOS', 'ALCEDO AQUINO', 13, 24, 2),
(1134, 'PARRA NELIDA', 'CABRERA DE', 13, 27, 1),
(1135, 'JORGE', 'AVILA VALDIVIEZO', 13, 24, 2),
(1136, 'HENRY', 'AREVALO AGUIRRE', 13, 15, 2),
(1137, 'JORGE ANDRES', 'ELIAS ZAVALA', 13, 12, 2),
(1138, 'Samuel Elias', 'CHUNGA CARDENAS', 13, 15, 2),
(1139, 'JAMIN HUMBERTO', 'CORNEJO CASTILLO', 13, 24, 2),
(1140, 'MANUEL EUGENIO', 'COVE?AS MECHATO', 13, 12, 2),
(1141, 'JOS? SIXTO', 'CALDERON MORALES', 13, 24, 2),
(1142, 'Yesica Amparo', 'CALLE RIOFRIO', 13, 3, 1),
(1143, 'SEGUNDO', 'IPANAQUE ZAPATA', 13, 15, 2),
(1144, 'WALTER HERNAN', 'NU?EZ GUERRERO', 13, 12, 2),
(1145, 'JOSE OSWALDO', 'PRADO MONASTERIO', 13, 15, 2),
(1146, 'PABLO DANIEL', 'RIVAS CHAVESTA', 13, 3, 2),
(1147, 'MAX FABIAN', 'NAVARRO AVENDA?O', 13, 12, 2),
(1148, 'RAMON ALBERTO', 'NUNURA REYES', 13, 15, 2),
(1149, 'MARCELA ELIZABETH', 'TALLEDO CASTILLO', 13, 3, 1),
(1150, 'GISELLA PATRICIA', 'MOROCHO MERINO', 13, 27, 1),
(1151, 'CARLOS', 'CORDOVA FASABI', 7, 27, 2),
(1152, 'BREDLY', 'YUYARIMA CANAQUIRI', 7, 27, 2),
(1153, 'NINEES', 'RAMIREZ CAMACHO', 7, 46, 2),
(1154, 'SAMUEL', 'PINEDO TAPULLIMA', 7, 46, 2),
(1155, 'LUIS ALBERTO', 'CACERES RAMIREZ', 7, 46, 2),
(1156, 'KAROL SUSAN', 'SORIA CORDOVA', 7, 46, 1),
(1157, 'NIKOLAYEV BRUMELL', 'HUAMANZANA CUIPAL', 7, 27, 2),
(1158, 'SAULO JOEL', 'GUIBIN ROJAS', 7, 46, 2),
(1159, 'JULIANO EFR?N', 'ROBLES ESPINOZA', 7, 27, 2),
(1160, 'DAVID', 'PEREIRA ARIRAMA', 7, 46, 2),
(1161, 'ROGER JUAN', 'BARRIOS SILVA', 2, 13, 2),
(1162, 'CECILIA LUZ', 'BELTR?N REBAZA', 2, 15, 1),
(1163, 'OFERLINDA CRUZ', 'ABANTO MONTALVO', 2, 27, 1),
(1164, 'LUIS ENRIQUE', 'ALEGRE CALDER?N', 2, 15, 2),
(1165, 'CARMEN HAYDEE', 'DAVALOS ALVARADO', 2, 27, 1),
(1166, 'TERESITA DE JES?S', 'GUTIERREZ ALFARO', 2, 27, 1),
(1167, 'HENRRY WALTER', 'ZAVALETA PESANTES', 2, 15, 2),
(1168, 'VICTOR GUILLERMO', 'VILLAR PAREDES', 2, 13, 2),
(1169, 'SEGUNDO MANUEL', 'SILVA LUDE?AS', 2, 15, 2),
(1170, 'SEGUNDO PABLO', 'RAMOS ROLDAN', 2, 13, 2),
(1171, 'WILLIAM ROBERT', 'GORDILLO GONZALES', 2, 13, 2),
(1172, 'SAMUEL OBED', 'DIAZ DEXTRE', 2, 27, 2),
(1173, 'JOSE JAVIER', 'DIAZ PEZO', 2, 15, 2),
(1174, 'FRANKLIN ALEXIS', 'DIAZ DIAZ', 2, 13, 2),
(1175, 'JUAN CARLOS', 'MONDRAGON CHUNGA', 2, 15, 2),
(1176, 'GAVI KATHERINE', 'LEON FLORIAN', 2, 27, 1),
(1177, 'YULI', 'ECHEVERRIA DE LA CRUZ', 2, 27, 1),
(1178, 'RENE', 'GIL PE?A', 2, 27, 1),
(1179, 'JUAN', 'PAREDES CAMPOS', 2, 13, 2),
(1180, 'EDDY MARGARITA', 'GUZMAN YPARRAGUIRRE', 2, 13, 1),
(1181, 'JULIO MART?N', 'CAMACHO PAZ', 2, 13, 2),
(1182, 'JOSE FELIPE', 'VALERA ANTICONA', 2, 27, 2),
(1183, 'ROCK EUCLIDES', 'VERDE RUIZ', 2, 13, 2),
(1184, 'ERICKSON CAMPBELL', 'CASTILLO ARTEAGA', 7, 46, 2),
(1185, 'ISAIAS', 'CAMPOS SALINAS', 2, 46, 2),
(1186, 'ROMULO FERNANDO', 'COCHON QUISPE', 2, 46, 2),
(1187, 'SEGUNDO MERCEDES', 'TIRADO CASTILLO', 2, 46, 2),
(1188, 'DIOGENES ALFONSO', 'SEVILLANO BENITES', 2, 46, 2),
(1189, 'MISAEL', 'CHUMBES SAFORAS', 17, 39, 2),
(1190, 'GAVINO', 'GAVINO MENDOZA', 17, 40, 2),
(1191, 'EDYILMER', 'ESCOBAR SEDANO', 17, 39, 2),
(1192, 'MILLAN', 'ESCOBAR SEDANO', 17, 29, 2),
(1193, 'DARIO EDUARDO', 'TICONA HUINCHO', 17, 39, 2),
(1194, 'EDINSON DANILOF', 'MEZA SANTIVA?EZ', 17, 29, 2),
(1195, 'JUAN', 'INGA RIVERA', 17, 29, 2),
(1196, 'MARIO', 'QUISPE ?AHUI', 17, 29, 2),
(1197, 'HENRRY JIRPO', 'MIGUEL RIVEROS', 17, 40, 2),
(1198, 'LUIS MIGUEL', 'MARCAS SACHA', 17, 29, 2),
(1199, 'HUBER', 'MALLCO QUISPE', 17, 40, 2),
(1200, 'ANDRES', 'QUISPE VENTURA', 17, 40, 2),
(1201, 'DAVID MOISES', 'QUISPE VILLANUEVA', 17, 39, 2),
(1202, 'FAUSTINO', 'ZEVALLOS ESCOBAR', 17, 40, 2),
(1203, 'SANTOS', 'CULQUICONDOR JIMENEZ', 13, 3, 2),
(1204, 'MANUEL ROLANDO', 'GUERRERO QUISPE', 13, 3, 2),
(1205, 'MARIA MERCEDES', 'NAVARRO GUERRERO', 13, 3, 1),
(1206, 'KATY DE MARIA', 'CALLE CASTILLO', 13, 3, 1),
(1207, 'LUIS CARLOS', 'MONTALVO SILVA', 13, 3, 2),
(1208, 'VANESSA', 'ROBLES BORRERO', 13, 3, 1),
(1209, 'SEGUNDO FRANCISCO', 'PE?A BARRETO', 13, 3, 2),
(1210, 'ANDERSON FELIX', 'OSTOS RAMOS', 19, 13, 2),
(1211, 'ALCIDES ILDEFONSO', 'GARCIA HUANUCO', 19, 13, 2),
(1212, 'MARIA ESTHER', 'CULQUIPOMA DIAZ', 10, 27, 1),
(1213, 'EDWIN ABELARDO', 'FLORES HUAMAN', 10, 13, 2),
(1214, 'LINA MERCEDES', 'GONZALES GUADALUPE', 10, 27, 1),
(1215, 'KARIN', 'CARUAJULCA GUADALUPE', 10, 27, 1),
(1216, 'VICTOR JONATHAN', 'COMECA YOMONA', 10, 13, 2),
(1217, 'FRANCISCO DANIEL', 'MURGA ARAUJO', 10, 13, 2),
(1218, 'YULIZA MARGOT', 'NU?EZ GONZALES', 10, 27, 1),
(1219, 'EMILIANO', 'OLIVERA SANCHEZ', 10, 13, 2),
(1220, 'GLADYS', 'HEREDIA MEJIA', 10, 27, 1),
(1221, 'JEAN CARLOS', 'REYES ARTEAGA', 10, 27, 2),
(1222, 'OSCAR ROBERTO', 'VILLARREAL ZU?E', 10, 13, 2),
(1223, 'JUAN FRANCISCO', 'CARCAMO VILCHEZ', 13, 16, 2),
(1224, 'LILIANA SILVIA', 'CHAVEZ LEZAMA', 13, 27, 1),
(1225, 'ISABEL', 'FRIAS SANCHEZ DE GARCIA', 13, 15, 1),
(1226, 'MARIANE MAITEE', 'CHUZON TINOCO', 13, 15, 1),
(1227, 'EDUARDO ALFREDO', 'RODRIGUEZ BAZALAR', 13, 52, 2),
(1228, 'MARIO SALOMON', 'ORTIZ PULACHE', 13, 27, 2),
(1229, 'JORGE ANGEL', 'MOSCOL CANALES', 13, 52, 2),
(1230, 'VICTOR HUGO', 'VIVAS FLORES', 13, 16, 2),
(1231, 'DARWIN FREDY', 'LOPEZ SANDOYA', 13, 16, 2),
(1232, 'GUSTAVO GILBERTO', 'GARCIA RODRIGUEZ', 13, 41, 2),
(1233, 'MARCIAL', 'LAZO CHINININ', 13, 15, 2),
(1234, 'JORGE WILBERTO', 'URBINA SANJINEZ', 13, 15, 2),
(1235, 'SANDRA LIZBETH', 'VINCES TIMANA', 13, 52, 1),
(1236, 'ALEX OSWALDO', 'RUIZ TUME', 13, 54, 2),
(1237, 'RUTH JUDITH', 'LUNA DE GARCIA', 13, 27, 1),
(1238, 'ALEX ENRIQUE', 'MEDINA GREY', 13, 16, 2),
(1239, 'Edita', 'Castillo Marcelo', 13, 15, 1),
(1240, 'SOCRATES GIL', 'GONZALES RENTERIA', 13, 41, 2),
(1241, 'MARLON', 'AMAYA ORDINOLA', 13, 41, 2),
(1242, 'CARLOS ALBERTO', 'PAIS LESCANO', 13, 54, 2),
(1243, 'DORA EDITH', 'PE?A QUISPE', 22, 15, 1),
(1244, 'WILLY FELIX', 'BLAS CUTIPA', 22, 13, 2),
(1245, 'HUBERT LEOPOLDO', 'APAZA NINA', 22, 24, 2),
(1246, 'ALFREDO', 'ANAHUA PEREZ', 22, 24, 2),
(1247, 'HECTOR', 'ACERO CALDERON', 22, 40, 2),
(1248, 'GERMAN MODESTO', 'BUTRON MAMANI', 22, 15, 2),
(1249, 'LUIS PASTOR', 'BARRA AMPUERO', 22, 15, 2),
(1250, 'Olga Lucila', 'Catacora Ccopa', 22, 50, 1),
(1251, 'Cesar', 'Calizaya Ccosi', 22, 39, 2),
(1252, 'Osvaldo Tito', 'Catacora Mamani', 22, 32, 2),
(1253, 'PETRONILA PILAR', 'CACERES QUISPINGA', 22, 27, 1),
(1254, 'OSCAR ALFREDO', 'CANO RAMIREZ', 22, 14, 2),
(1255, 'Wilson Raul', 'Urbina Mollehuanca', 22, 39, 2),
(1256, 'Marilin', 'Villalba Huamani', 22, 27, 1),
(1257, 'ARMANDO', 'ZAVALA VEGA', 22, 39, 2),
(1258, 'Jose', 'Velazco Anchapuri', 22, 40, 2),
(1259, 'ROSMERY JESUS', 'VALENZUELA ROSAS', 22, 15, 1),
(1260, 'JOSE LUIS', 'VILCA IBEROS', 22, 39, 2),
(1261, 'YANET CECILIA', 'ORTEGA ORTEGA', 22, 13, 1),
(1262, 'ROSARIO DORIS', 'SALINAS HUAMAN', 22, 14, 1),
(1263, 'LUZMILA BEATRIZ', 'QUISPE MAQUERA', 22, 15, 1),
(1264, 'jesus verliee', 'sarmiento carita', 22, 13, 2),
(1265, 'GERMAN LEWIS', 'NINA NU?EZ DEL PRADO', 22, 39, 2),
(1266, 'JORGE ESTEBAN', 'TORRES G?RATE', 22, 24, 2),
(1267, 'SIM?N CIRILO', 'MAMANI QUISOCOLA', 22, 40, 2),
(1268, 'TERESA YOLANDA', 'MENDOZA MAMANI', 22, 50, 1),
(1269, 'INES DINA', 'MAMANI MERCADO', 22, 15, 1),
(1270, 'JOAS', 'MENDOZA VENTURA', 22, 13, 2),
(1271, 'RUSBEL YURI', 'MAMANI LAQUITA', 22, 40, 2),
(1272, 'JAEN', 'CRUZ MOLINA', 22, 24, 2),
(1273, 'LEONCIO MARCIAL', 'CONDORI ORTEGA', 22, 39, 2),
(1274, 'REMIGIO CESAR', 'CONDORI PALOMINO', 22, 13, 2),
(1275, 'VILMA', 'CUEVA LUZA', 22, 50, 1),
(1276, 'F?LIX RODRIGO', 'CRUZ MANZANO', 22, 14, 2),
(1277, 'WILBER', 'CUTIMBO CHOQUE', 22, 14, 2),
(1278, 'HUGO MOISES', 'GOMEZ TORRES', 22, 13, 2),
(1279, 'NALDI MONICA', 'GOMEZ CHOQUEHUAYTA', 22, 27, 1),
(1280, 'JORGE LUIS', 'FLORES QUIBARRA', 22, 15, 2),
(1281, 'CARLOS WILLIAM', 'FLORES SUEROS', 22, 13, 2),
(1282, 'EDGAR EUGENIO', 'HURTADO COHAILA', 22, 24, 2),
(1283, 'MIRIAM ROSARIO', 'ENRIQUEZ JIMENEZ', 22, 32, 1),
(1284, 'LUIS ALBERTO', 'LOZADA PAZ', 22, 40, 2),
(1285, 'MARGARITA SUSANA', 'LANCHIPA LOPEZ', 22, 13, 1),
(1286, 'ELVIS BENIGNO', 'MACHACA LOZA', 22, 32, 2),
(1287, 'MARISOL MONICA', 'LIENDO MEMBRILLO', 22, 14, 1),
(1288, 'PORFIRIO', 'LUPACA LUPACA', 22, 39, 2),
(1289, 'ANTOANET GRACE', 'LOPEZ ALMONTE', 22, 27, 1),
(1290, 'ESTEFANIA JACQUELINE', 'CUELA VILCA', 22, 50, 1),
(1291, 'Abraham', 'Vilca Vilca', 22, 24, 2),
(1292, 'PERCY', 'SULLO ROQUE', 22, 50, 2),
(1293, 'LILIANA CLARA', 'DORADO CCAPACCA', 22, 27, 1),
(1294, 'MARIO ANDRES', 'MIOVICH ZU?IGA', 22, 15, 2),
(1295, 'NAPRAVNICK CASTILLO.', 'LIZANDRO ANDREE', 13, 14, 2),
(1296, 'DIGNA MERCEDES', 'SAAVEDRA GALLO', 13, 32, 1),
(1297, 'JOSE CARLOS', 'VILCHEZ COBE?AS', 13, 14, 2),
(1298, 'MARIA YSABEL', 'CURAY CALDERON', 13, 32, 1),
(1299, 'CARLA MIRELLA', 'ELIAS MOGOLLON', 13, 32, 1),
(1300, 'JOSE ALBERTO', 'VILLEGAS RAMOS.', 13, 14, 2),
(1301, 'JOSE CARLOS', 'AZA?EDO VARGAS', 13, 14, 2),
(1302, 'RUJEL RUJEL', 'YULIANA LISBETH', 13, 55, 1),
(1303, 'PERCY', 'COTA MIRANDA', 3, 12, 2),
(1304, 'HENRY JOSE', 'ALVAREZ AQUIJE', 3, 12, 2),
(1305, 'DANNY ELISON', 'URBINA ARISMENDI', 3, 12, 2),
(1306, 'MILAGROS LUISA', 'QUIJAITE ALFARO', 3, 27, 1),
(1307, 'ALEJANDRO MANUEL', 'VASQUEZ CANALES', 3, 40, 2),
(1308, 'RICARDO LUIS', 'ROMANI CHACON', 3, 12, 2),
(1309, 'MARIA VICTORIA', 'LOAYZA ALCARRAZ', 3, 27, 1),
(1310, 'JORGE REN', 'TURCKE GARRIAZO', 3, 40, 2),
(1311, 'GIANCARLO', 'JIMENEZ HERNANDEZ', 3, 40, 2),
(1312, 'JESUS CARLOS', 'CUEVAS TERRAZAS', 3, 41, 2),
(1313, 'MARY', 'HUAYLLA CCONISLLA', 3, 40, 1),
(1314, 'FERNANDEZ OLGA AMPARO', 'DEL CARPIO', 3, 27, 1),
(1315, 'DAVID MOISES', 'GUERRERO JARAMILLO', 3, 41, 2),
(1316, 'PATRICIA', 'ACU?A DOMINGUEZ', 1, 13, 1),
(1317, 'JOSE VICENTE', 'ARANGO GUARDIA', 1, 13, 2),
(1318, 'JUAN ALEJO', 'BRINGAS ENCISO', 1, 13, 2),
(1319, 'MARCO ANTONIO', 'CABRERA MORALES', 1, 40, 2),
(1320, 'SEVERO', 'CABANILLAS VILLANUEVA', 1, 24, 2),
(1321, 'NELSON PAVEL', 'RUBIO MARTEL', 1, 39, 2),
(1322, 'LEDGAR NICOLAO', 'SOVERO SOVERO', 1, 40, 2),
(1323, 'CESAR MANUEL', 'VALDIZAN VELASQUEZ', 1, 39, 2),
(1324, 'ROBERT GERARDO', 'CASTRO SALGUERO', 1, 40, 2),
(1325, 'EDWIN RICHARD', 'VILLAVICENCIO RIVEROS', 1, 24, 2),
(1326, 'DUNCAN ARTURO', 'SULCA RIVERA', 1, 13, 2),
(1327, 'ALBERTO DAVID', 'CHILCON LLATAS', 1, 15, 2),
(1328, 'FREDDY ULISES', 'LIZARZABURU GAMARRA', 1, 39, 2),
(1329, 'TERESA DE JESUS', 'JULIAN DE ZARATE', 1, 40, 1),
(1330, 'MARICRUZ', 'CHUICA ACARO', 1, 40, 1),
(1331, 'JULIO ERMOGENES', 'DIESTRA VASQUEZ', 1, 39, 2),
(1332, 'ELODIA', 'MAYCA JULCA', 1, 13, 1),
(1333, 'JUAN WUILFER', 'MANCO NARCISO', 1, 13, 2),
(1334, 'MARIO RICARDO', 'MONZON ITURRIZAGA', 1, 24, 2),
(1335, 'JUAN DE DIOS', 'NINAJA CLEMENTE', 1, 13, 2),
(1336, 'CLORINDA MAURA', 'MAYOR FABIAN', 1, 13, 1),
(1337, 'GILMER GUSTAVO', 'POMA LOLI', 1, 15, 2),
(1338, 'ROBERTO ALDO', 'RODRIGUEZ REYNA', 1, 24, 2),
(1339, 'MIDIAM ROSALIA', 'ROJAS ARROYO', 1, 40, 1),
(1340, 'HENRY SANTOS', 'HARO ROSALES', 1, 40, 2),
(1341, 'EMILIA JACINTA', 'CRUZ CALLO DE FERN?NDEZ ', 1, 15, 1),
(1342, 'Walter', 'Hidalgo Cordova', 1, 13, 2),
(1343, 'CESAR AUGUSTO', 'SALINAS FERNANDEZ', 1, 15, 2),
(1344, 'JUSTINA', 'HUAMANI JANAMPA', 1, 40, 1),
(1345, 'GERONIMO PERCY', 'PRADO ALARCON', 1, 40, 2),
(1346, 'MARCELINO', 'LORENZO ARPASI', 1, 40, 2),
(1347, 'MARIA LORENZA', 'MORENO CHAPO?AN', 1, 15, 1),
(1348, 'Pavel', 'Meneses Paucar', 1, 24, 2),
(1349, 'JORGE LUIS', 'JARA DIAZ', 1, 13, 2),
(1350, 'FRANKLIN ALEX', 'A?AZCO SILVA', 1, 13, 2),
(1351, 'MARITZA NANCY', 'MAMANI MAMANI', 1, 15, 1),
(1352, 'TEODOR', 'MENDIVIL GONZALES', 1, 13, 2),
(1353, 'MIRIAM ALBINA', 'VICENTE MANDUJANO', 1, 15, 1),
(1354, 'FERNANDO RICARDO', 'TASAYCO YATACO', 1, 13, 2),
(1355, 'CARLIN ENRIQUE', 'HUERTA FERNANDEZ', 1, 13, 2),
(1356, 'LIDIA MARLENE', 'TAPIA SUA?A', 1, 48, 1),
(1357, 'GIOVANNI EMILIO', 'RAMIREZ BERROCAL', 1, 13, 2),
(1358, 'SANTOS JULIA', 'ALVARADO CASTILLO', 2, 15, 1),
(1359, 'CARLOS ATILIO', 'FIGUEROA NEIRA', 2, 46, 2),
(1360, 'ORLANDO ELVIS', 'LOPEZ CALVO', 2, 15, 2),
(1361, 'SEGUNDO RICARDO', 'GUTIERREZ DE LA CRUZ', 2, 15, 2),
(1362, 'HILDER', 'BRICE?O SALINAS', 2, 46, 2),
(1363, 'DIDIER JOHAR', 'LOZANO LOPEZ', 2, 46, 2),
(1364, 'ELVIS JONATHAN', 'MENDOZA SANCHEZ', 2, 15, 2),
(1365, 'DIONICIO JUAN', 'PAREDES VASQUEZ', 2, 46, 2),
(1366, 'HENRY JEROVI', 'RIVAS DIAZ', 2, 46, 2),
(1367, 'ALEXANDER FORTUNATO', 'ROBLES RUIZ', 2, 46, 2),
(1368, 'JUAN RAPHAEL', 'PAREDES VALDERRAMA', 2, 46, 2),
(1369, 'VICTOR NOLBERTO', 'VERTIZ HERNANDEZ', 2, 15, 2),
(1370, 'RUBIO ORBEGOSO', 'GILDA MELISSA', 2, 15, 1),
(1371, 'LUIS MARTIN', 'SALCEDO LESCANO', 2, 15, 2),
(1372, 'VIDAL', 'YANARICO HUANCA', 16, 27, 2),
(1373, 'MARTHA ROCIO', 'VARGAS YUCRA', 16, 27, 1),
(1374, 'FRANKLIN ABDON', 'QUISPE ARPI', 16, 13, 2),
(1375, 'BETZABET MARGARET', 'MAQUE CURO', 16, 13, 1),
(1376, 'MARILY FRIDA', 'CHOQUEHUANCA FIGUEROA', 16, 27, 1),
(1377, 'Palli Mamani', 'Renan Abelardo', 16, 13, 2),
(1378, 'Lima', 'Nicanor Huaman', 16, 13, 2),
(1379, 'Jihuallanca Ccoa', 'Nelida Sonia', 16, 13, 1),
(1380, 'JORGE LUIS', 'ALMEYDA MUNAYCO', 1, 8, 2),
(1381, 'MELISSA CRISTINA', 'CACERES RODRIGUEZ', 1, 8, 1),
(1382, 'TESSY MADELEIN', 'MARCELO MANZANEDO', 1, 8, 1),
(1383, 'LEISSY ESTHER', 'SAAVEDRA CAJAHUARINGA', 1, 8, 1),
(1384, 'ARLAINE NESHLA', 'LINO YARASCA', 1, 8, 1),
(1385, 'ROQUE', 'ACHONG CHUQUIPIONDO', 7, 46, 2),
(1386, 'ROBIN', 'ANGULO TAMANI', 7, 15, 2),
(1387, 'JAMES', 'AREVALO VELA', 7, 15, 2),
(1388, 'NIXON', 'CHAVEZ ZAITA', 7, 15, 2),
(1389, 'ALVARO', 'DOSANTOS MURRIETA', 7, 46, 2),
(1390, 'SOLORSANO', 'CHUMBE GONZALES', 7, 46, 2),
(1391, 'NECKER IRVING', 'TUEROS VICTORIO', 7, 46, 2),
(1392, 'ROBINSON', 'TANG AMPUERO', 7, 15, 2),
(1393, 'ISABEL', 'TENAZOA VASQUEZ', 7, 15, 1),
(1394, 'ARMENIO', 'MAFALDO RENGIFO', 7, 15, 2),
(1395, 'IRVIN MARCOS', 'FLORES PEREZ', 7, 15, 2),
(1396, 'JUAN JOSE', 'GOMEZ GOMEZ', 7, 46, 2),
(1397, 'ONEYDA LUZ', 'LOPEZ VILCA', 7, 15, 1),
(1398, 'JHONATAN MOISES', 'PEREZ AHUANARI', 7, 15, 2),
(1399, 'JERRY', 'GUEVARA SIFUENTES', 7, 15, 2),
(1400, 'JORGE LUIS', 'SANCHEZ LAVI', 7, 46, 2),
(1401, 'RENINGER', 'MANUYAMA CHOTA', 7, 15, 2),
(1402, 'JULIO CESAR', 'GARCIA BOSMEDIANO', 7, 46, 2),
(1403, 'PERCY', 'FLORES TRIGOSO', 7, 15, 2),
(1404, 'FOSTER', 'DAVILA CORDOVA', 7, 46, 2),
(1405, 'MANUEL EXIQUIEL', 'AVALOS SORIA', 7, 46, 2),
(1406, 'BRIZAIDA', 'QUISPE RODRIGUEZ', 20, 5, 1),
(1407, 'JORGE LUIS', 'RANILLA HUAMANTUCO', 20, 5, 2),
(1408, 'WASHINGTON', 'CAMALA HUAQUISTO', 20, 5, 2),
(1409, 'ISIDORA NELY', 'ACU?A CURO', 20, 5, 1),
(1410, 'ELIZABETH', 'BRA?EZ FRANCO', 20, 5, 1),
(1411, 'JULIO', 'ROJAS PACCORI', 20, 5, 2),
(1412, 'CARMEN ROSA', 'REJAS VASQUEZ', 20, 5, 1),
(1413, 'LUZ MARIBEL', 'ATANACIO SANCHEZ', 20, 5, 1),
(1414, 'CARLOS FERNANDO', 'CAVERO SANCHEZ', 12, 2, 2),
(1415, 'MARGOT', 'COTAQUISPE VALENCIA', 12, 7, 1),
(1416, 'PEDRO EDUARDO', 'ZEGARRA VILA', 12, 39, 2),
(1417, 'EUSEBIO DAVID', 'VEGA AYALA', 12, 7, 2),
(1418, 'MYRIAM', 'CARRASCO PARRA', 12, 2, 1),
(1419, 'WALTER ROGGER', 'MORALES MORON', 12, 7, 2),
(1420, 'JONATHAN PEDRO', 'FLORES ROCA', 1, 13, 2),
(1421, 'LUIGI', 'DEGOLLAR GIRON', 1, 55, 1),
(1422, 'BETTY DORIS', 'GUEVARA GARIBAY', 1, 13, 1),
(1423, 'MARIA ISABEL', 'ICOCHEA ALVAREZ', 1, 27, 1),
(1424, 'ENRIQUE', 'CARDENAS DIAZ', 1, 13, 2),
(1425, 'TEOFILO FRANCISCO', 'TENORIO FERNANDEZ', 1, 13, 2),
(1426, 'Daniel', 'Saavedra Poves', 1, 13, 2),
(1427, 'Carmen Alicia', 'Silva Rosario', 1, 32, 1),
(1428, 'MARIO FRANCISCO', 'MORENO HERRERA', 1, 13, 2),
(1429, 'MANUEL DEL ROSARIO', 'MARQUEZ LEVANO', 1, 27, 2),
(1430, 'LUCIA NELLY', 'TAMARA CRUZ', 1, 32, 1),
(1431, 'LUZ ANGELICA', 'TOLEDO CORDOVA', 1, 32, 1),
(1432, 'ANDRES', 'VIRHUEZ DAMIAN', 1, 13, 2),
(1433, 'JORGE EDGARDO', 'CAMPOS RAMOS', 1, 32, 2),
(1434, 'MILAGRITOS CATALINA', 'VARAS ASCASIBAR', 1, 13, 1),
(1435, 'MANUEL ANGEL', 'TORRES REMON', 1, 13, 2),
(1436, 'ROBERT ERICK', 'FLORES AGUILAR', 1, 32, 2),
(1437, 'ELMER ALBERTO', 'LE?N Z?RATE', 1, 13, 2),
(1438, 'JUAN MANUEL', 'VALERIANO PASTOR', 1, 13, 2),
(1439, 'WILFREDO LAWRENCE', 'BUSTAMANTE CASAS', 1, 13, 2),
(1440, 'GLADYS EDITH', 'ACU?A GARCIA', 1, 32, 1),
(1441, 'ELVIN', 'FLORES LOPEZ', 1, 13, 2),
(1442, 'ALIS RAMIRO', 'GONZALES GAMARRA', 1, 27, 2),
(1443, 'Rosa Luz', 'Miranda Rojas', 1, 13, 1),
(1444, 'MIRTHA ROSMERY', 'GOMEZ DOMINGUEZ', 2, 13, 1),
(1445, 'RICHARD JOSE', 'LEYVA VALVERDE', 2, 15, 2),
(1446, 'JOGE LUIS', 'ALVARADO RAMOS', 2, 13, 2),
(1447, 'LUIS ENRIQUE', 'GARCIA IBARRA', 2, 40, 2),
(1448, 'ARSENIO', 'CAPA PAZ', 2, 15, 2),
(1449, 'MAURO ERNESTO', 'CHERO NIZAMA', 2, 40, 2),
(1450, 'MATIAS MODESTO', 'URIOL SIFUENTES', 2, 40, 2),
(1451, 'CARLOS FELIPE', 'RODRIGUEZ FERNANDEZ', 2, 13, 2),
(1452, 'MARIA CONCEPCION', 'BARRIENTOS CACEDA', 2, 13, 1),
(1453, 'WALTER HOMERO', 'VEREAU ORBEGOSO', 2, 40, 2),
(1454, 'VICTOR MANUEL', 'SANCHEZ ABANTO', 2, 15, 2),
(1455, 'OSCAR MICELINO', 'SANDOVAL VILLANUEVA', 2, 13, 2),
(1456, 'TANIA VANESSA', 'COLCHADO CERDAN', 2, 15, 1),
(1457, 'EDGARD ALEJANDRO', 'PE?A CABALLERO', 2, 13, 2),
(1458, 'LUIS', 'SANTOS MARTINA', 2, 40, 1),
(1459, 'Marina Modesta', 'Venegas Medina', 2, 15, 1),
(1460, 'Ruby Marisol', 'Rodriguez Figueroa', 2, 55, 1),
(1461, 'Alex', 'Quevedo Arrobas', 2, 40, 2),
(1462, 'Vides Ofelino', 'Espinoza Guzman', 2, 15, 2),
(1463, 'RAFAEL', 'CUEVA POMA', 2, 13, 2),
(1464, 'SEGUNDO', 'QUISPE MATARA', 2, 46, 2),
(1465, 'HERMELINDA ENRIQUETA', 'ROMERO DIAZ', 2, 32, 1),
(1466, 'MARIA ROSA', 'ROMERO DE SAENZ', 2, 32, 1),
(1467, 'CARLOS ISAIAS', 'VILLARREAL CHAVEZ', 2, 32, 2),
(1468, 'HEYSEN', 'ZAMORA PRADO', 2, 27, 2),
(1469, 'LUIS ENRIQUE', 'VERGARA DIAZ', 2, 46, 2),
(1470, 'JUAN GABRIEL', 'PACHECO ZEGARRA', 2, 32, 2),
(1471, 'PILAR', 'QUISPE CRUZ', 2, 27, 1),
(1472, 'GUIDO ALEX', 'GAMARRA QUEZADA', 2, 46, 2),
(1473, 'MANUELA', 'PERALES CHE', 2, 27, 1),
(1474, 'NATIVIDAD FLORESLINDA', 'CARRUITERO QUI?ONES', 2, 27, 1),
(1475, 'HERMAN ALEJANDRO', 'BECERRA LOYOLA', 2, 46, 2),
(1476, 'REYMUNDO CESAR', 'ALAYO RODRIGUEZ', 2, 32, 2),
(1477, 'ODOMNEL', 'DURAN ROQUE', 16, 55, 2),
(1478, 'BONIFACIA', 'CAHUAPAZA HUANCA', 16, 15, 1),
(1479, 'DUBAL', 'BARRIONUEVO ABARCA', 16, 15, 2),
(1480, 'ALFREDO', 'AZCUE MEDINA', 16, 15, 2),
(1481, 'ROY FERNANDO', 'CALANCHO QUISPE', 16, 16, 2),
(1482, 'RICHARD WILLIAMS', 'ASQUI VENTURA', 16, 16, 2),
(1483, 'ROMELL', 'APAZA LANZA', 16, 16, 2),
(1484, 'WILLIAM', 'CARDENAS BUSTAMANTE', 16, 39, 2),
(1485, 'ELOY', 'CHOQUE APAZA', 16, 29, 2),
(1486, 'ROGER ALDO', 'COLQUE JARITA', 16, 34, 2),
(1487, 'JOSE SALVADOR', 'CASQUINO MAMANI', 16, 48, 2),
(1488, 'ROGER SILVESTRE', 'COAQUIRA HUAYTA', 16, 15, 2),
(1489, 'LEOPOLDO BUENAVENTURA', 'CONDORI LUQUE', 16, 48, 2),
(1490, 'DORA', 'COTA CHOQUE', 16, 27, 1),
(1491, 'COSME', 'FERNANDEZ HUARANCA', 16, 40, 2),
(1492, 'NICOLAS', 'HUAQUI VALDIVIA', 16, 15, 2),
(1493, 'CARLOS ADOLFO', 'LUJAN URVIOLA', 16, 15, 2),
(1494, 'JOSE LUIS', 'OTAZU HUAQUISTO', 16, 15, 2),
(1495, 'VICENTE RAUL', 'MADARIAGA ROMERO', 16, 29, 2),
(1496, 'VILMA ZENAIDA', 'MONROY GONZALES', 16, 50, 1),
(1497, 'Florencio Vicente', 'Angles Huisa', 16, 55, 2),
(1498, 'RONALD', 'MADERA TERAN', 16, 50, 2),
(1499, 'EVARISTA', 'MEDINA AEDO', 16, 34, 1),
(1500, 'RENE MARCOS', 'QUISPE ZELA', 16, 39, 2),
(1501, 'EDWIN FRITH', 'REVILLA VIENA', 16, 29, 2),
(1502, 'WILLY JOSE', 'SUCA HUAQUIPACO', 16, 39, 2),
(1503, 'MARIELA MARTHA', 'TAVERA ARAGON', 16, 34, 1),
(1504, 'WASHINGTON', 'SUCASAIRE RAMOS', 16, 29, 2),
(1505, 'FRANCISCO VIDAL', 'GONZALES SANCHEZ', 16, 16, 2),
(1506, 'GUADALUPE', 'TITO ALEJO', 16, 50, 1),
(1507, 'Randol Alexis', 'Huanca Larico', 16, 48, 2),
(1508, 'LUIS ALBERTO', 'VILCA CONDORI', 16, 40, 2),
(1509, 'IVAN MARINO', 'TORRES SACACA', 16, 34, 2),
(1510, 'MAURO', 'TITO PORTO', 16, 50, 2),
(1511, 'LEOPOLDO', 'CARI ORTIZ', 16, 15, 2),
(1512, 'Elmer Alcides', 'Silvera Quispe', 16, 48, 2),
(1513, 'HERNAN HECTOR', 'HUAMAN ARRATIA', 16, 16, 2),
(1514, 'MAURA MARINA', 'LUQUE MONJE', 16, 27, 1),
(1515, 'JULIO', 'VALERO GUTIERREZ', 16, 29, 2),
(1516, 'JORGE MARCOS', 'APAZA ESCARCENA', 16, 27, 2),
(1517, 'DAYVIS VICTOR', 'FARFAN GAVANCHO', 16, 16, 2),
(1518, 'EDITH GIOVANNA', 'CANO MAMANI', 16, 13, 1),
(1519, 'EUDES LOYO', 'PERALTA OJEDA', 16, 40, 2),
(1520, 'EMILIO', 'LAZARO AGUSTIN', 16, 40, 2),
(1521, 'EDSON ADOLFO', 'FLORES VALENCIA', 16, 15, 2),
(1522, 'MAX ANIBAL', 'CAHUANA HUALPA', 16, 15, 2),
(1523, 'ROGER INDALECIO', 'MAMANI PACORI', 16, 15, 2),
(1524, 'TALIA ZENAYDA', 'MENDOZA PEREZ', 16, 50, 1),
(1525, 'FRANKLIN HIRAHOKA', 'HUACHO ROJAS', 17, 14, 2),
(1526, 'JOE CELESTINO', 'ARROYO MAURY', 17, 46, 2),
(1527, 'GANIMEDES YOSIP', 'CHUQUILLANQUI BENITES', 17, 46, 2),
(1528, 'HELIADES FLAVIO', 'ACEVEDO POMA', 17, 46, 2),
(1529, 'EFRIN CIRO', 'CHOQUE OBREGON', 17, 14, 2),
(1530, 'EDWIN HEIWZ', 'ESCOBAR BULLON', 17, 13, 2),
(1531, 'GUILLERMO ENRIQUE', 'LAGOS HUAROC', 17, 13, 2),
(1532, 'VICENTE BERNABE', 'MARTIN UTUS', 17, 14, 2),
(1533, 'ANTONIO NICOLAS', 'MELGAR PE?A', 17, 46, 2),
(1534, 'LUIS ENRIQUE', 'PORRAS CCANCCE', 17, 13, 2),
(1535, 'BREEN', 'IZARRA BRE?A', 17, 46, 2),
(1536, 'MARCELINA', 'QUISPE ANYAYPOMA', 17, 13, 1),
(1537, 'IV?N', 'ARANA ESCOBAR', 17, 46, 2),
(1538, 'JOS? MIGUEL', 'LLACUACHAQUI SOCUALAYA', 17, 13, 2),
(1539, 'DEMETRIO', '?AHUERO ZAMBRANO', 17, 14, 2),
(1540, 'Juana', 'Alvarado Estrada', 1, 40, 1),
(1541, 'MIRIAM OLGA', 'ARROYO GUADALUPE', 1, 13, 1),
(1542, 'JOSE', 'ANCULLE BERNAL', 1, 13, 2),
(1543, 'Nidia Yissel', 'BENITES LA ROSA', 1, 27, 1),
(1544, 'Martha Alicia', 'Caller Luna', 1, 27, 1),
(1545, 'TAYLOR JUSTO', 'CADILLO ORTIZ', 1, 27, 2),
(1546, 'RAUL WILLIAM', 'LOPEZ REYNA', 1, 13, 2),
(1547, 'YGNACIO', 'MENDOZA SANCHEZ', 1, 23, 2),
(1548, 'LUZ MARIBEL', 'CAMACHO SEVERO', 1, 15, 1),
(1549, 'JULIO', 'CERNA DURAND', 1, 49, 2),
(1550, 'ANGELICA', 'GARCIA -', 1, 49, 1),
(1551, 'MERCEDES KIYOMI DEL PILAR', 'MEZA FLORES', 1, 27, 1),
(1552, 'V?CTOR MANUEL', 'PACHAS ACEVEDO', 1, 15, 2),
(1553, 'ADOLFO', 'OSORIO OSORIO', 1, 23, 2),
(1554, 'EDSON ALBERTO', 'ROSADIO BARRETO', 1, 40, 2),
(1555, 'DAYSI MARISELA', 'PARIONA RAMIREZ', 1, 23, 1),
(1556, 'CESAR', 'ROMERO ARIAS', 1, 23, 2),
(1557, 'ISAIAS BENJAMIN', 'RIVERA ROBLES', 1, 15, 2),
(1558, 'ESTHER EDITH', 'VALDERRAMA MEDRANO', 1, 27, 1),
(1559, 'ABEL ELMER', 'SUAREZ FLORES', 1, 27, 2),
(1560, 'ESTELA', 'POQUIS VELASQUEZ', 1, 27, 1),
(1561, 'WALDER JOSE', 'ROJAS ECHEVARRIA', 1, 39, 2),
(1562, 'ALBERTO CAYETANO', 'RICSE VILLAR', 1, 40, 2),
(1563, 'AMBROSIO FREDER', 'ZELADA LORENZO', 1, 23, 2),
(1564, 'CAROLINA DEL PILAR', 'LOPEZ RUIZ', 1, 13, 1),
(1565, 'MANUEL ALBERTO', 'AGUILAR ARMAS', 1, 39, 2),
(1566, 'JESUS NEMEIN', 'GAGO CAMPUSANO', 1, 40, 2),
(1567, 'CARMEN LAURA', 'MANDARE CUSTODIO', 1, 27, 1),
(1568, 'Maria Mercedes', 'Coello de Castro', 13, 2, 1),
(1569, 'MARIA ELENA', 'CUNYA CARMONA', 13, 27, 1),
(1570, 'PATRICIA GINA', 'GARCIA DIAZ', 13, 27, 1),
(1571, 'JOE MEDARDO', 'HUARACHE GARCIA', 13, 41, 2),
(1572, 'JASSIRA BERTILA', 'GUTIERREZ ARRUNATEGUI', 13, 27, 1),
(1573, 'JUAN HUMBERTO', 'MARTINEZ CARRASCO', 13, 2, 2),
(1574, 'RONALD', 'COLUMBUS SANDOVAL', 13, 27, 2),
(1575, 'KAROL ENMANUEL JUAN PABLO', 'MOGROVEJO HIDALGO', 13, 12, 2),
(1576, 'ALEX GABRIEL', 'RUIZ PERALTA', 13, 41, 2),
(1577, 'ROSARIO DEL CARMEN', 'PERALTA TORRES', 13, 41, 1),
(1578, 'BENANCIO', 'RISCO CHERO', 13, 41, 2),
(1579, 'HUGO', 'OJEDA SOSA', 13, 2, 2),
(1580, 'RIVES ARMANDO', 'RAMIREZ TORRES', 13, 12, 2),
(1581, 'EDITH GIANINA', 'Merino Guerrero', 13, 2, 1),
(1582, 'MARLON SIGIFREDO', 'MEDINA CHIROQUE', 13, 41, 2),
(1583, 'IGNACIO', 'MEDINA MARCHENA', 13, 12, 2),
(1584, 'EDSON', 'IGNACIO VELAZCO', 16, 46, 2),
(1585, 'ELMER', 'HUALLPA MANZANO', 16, 46, 2),
(1586, 'CARLOS SA?L', 'ALDANA MANYARI', 14, 13, 2),
(1587, 'ELCY GRACIELA', 'CASTRO RAMOS DE CARDENAS ', 14, 27, 1),
(1588, 'BETTY ESTHER', 'BUENO BULLON', 14, 32, 1),
(1589, 'ELSA LUISA', 'AQUINO CASTRO', 14, 13, 1),
(1590, 'FREDDY JUAN', 'BUENO SOLIS', 14, 13, 2),
(1591, 'JESUS ROBERTO', 'GUTIERREZ CANGAHUALA', 14, 27, 2),
(1592, 'ELIDA', 'HUAMAN VILA', 14, 32, 1),
(1593, 'JUAN SILVIO', 'CERRON OCHOA', 14, 13, 2),
(1594, 'ANG?LICA GRACIELA', 'MANTARI BUENDIA', 14, 27, 1),
(1595, 'CARMEN ROSA', 'CRISOSTOMO ELESCANO', 14, 27, 1),
(1596, 'MARISOL MERCEDES', 'ESPEJO LOPEZ', 14, 17, 1),
(1597, 'TEODOLINDA JUANA', 'ORIHUELA BENITO', 14, 27, 1),
(1598, 'ELA INES', 'OLIVERA BORDAES', 14, 32, 1),
(1599, 'SAUL PAULINO', 'MEZA RIOS', 14, 46, 2),
(1600, 'GREYS KAREN', 'PUENTE ANCIETA', 14, 32, 1),
(1601, 'SANDY MILAGROS', 'ROBLADILLO HIDALGO', 14, 17, 1),
(1602, 'ESTEBAN ALFONSO', 'OSORIO RODRIGUEZ', 14, 46, 2),
(1603, 'Margarita Luza', 'Tiza Davila', 14, 17, 1),
(1604, 'MARIA DEL CARMEN', 'SUAREZ AVELLANEDA', 14, 17, 1),
(1605, 'ANGEL JOSE', 'VILLARRUEL CARDENAS', 14, 32, 2),
(1606, 'PERCY EDGAR', 'ROJAS HUANQUI', 14, 55, 2),
(1607, 'RAUL GUSTAVO', 'TORRES CORDOVA', 14, 46, 2),
(1608, 'JUAN ANTONIO', 'TOMAS ADAUTO', 14, 32, 2),
(1609, 'EULOGIO', 'CUADROS CORDERO', 14, 46, 2),
(1610, 'DANIEL ANGEL', 'GAMARRA CASTILLO', 14, 13, 2),
(1611, 'ABRAHAM GUILLERMO', 'MANTARI PEREZ', 14, 13, 2),
(1612, 'BENILDA DEL CARMEN', 'HIDALGO BRAVO', 14, 26, 1),
(1613, 'JHOSER LUIS', 'PARIONA GONZALES', 14, 46, 2),
(1614, 'YUDY', 'BALCAZAR HERNANDEZ', 1, 39, 1),
(1615, 'ROSARIO', 'ALVA GARCIA', 1, 19, 1),
(1616, 'GENARO ELEUTERIO', 'ACOSTA CASTILLO', 1, 2, 2),
(1617, 'LUIS JAIRZINHO EDUARDO', 'BLACKER TAVARA', 1, 18, 2),
(1618, 'FLORA ISABEL', 'CANDELA CUBILLAS', 1, 19, 1),
(1619, 'OMAR NEIL', 'SANCHEZ QUIJANO', 1, 18, 2),
(1620, 'PERCY', 'VASQUEZ ARCE', 1, 40, 2),
(1621, 'JULIO SEGUNDO', 'LLENQUE FIESTAS', 1, 18, 2),
(1622, 'VICENTE', 'ZAVALETA CUCHO', 1, 40, 2),
(1623, 'LILIAN ELIANA', 'TICONA DE LA PE?A', 1, 14, 1),
(1624, 'JOEL DIOGENES', 'ZAMBRANO FALCON', 1, 40, 2),
(1625, 'ROLANDO ALEX', 'ACERO CALIZAYA', 1, 40, 2),
(1626, 'EDUARDO NORBERTO', 'SABA VEGA', 1, 14, 2),
(1627, 'William Robert', 'Torres Navarrete', 1, 39, 2),
(1628, 'JUAN ARTURO', 'ROMERO SILVA', 1, 39, 2),
(1629, 'TEODOCIO OCTAVIO', 'ROJAS LE?N', 1, 15, 2),
(1630, 'MANFREDO FEDERICO', 'SALAS MONTESINOS', 1, 19, 2),
(1631, 'Loui Paolo', 'Ramirez Bazalar', 1, 19, 2),
(1632, 'EDGARDO AURELIO', 'MENDOZA ALTEZ', 1, 16, 2),
(1633, 'JULIO CESAR', 'LARREATEGUI MORALES', 1, 18, 2),
(1634, 'BRUNILDA IRMA', 'PARRA RODRIGUEZ', 1, 50, 1),
(1635, 'JIMY LUIS', 'MORENO MANCO', 1, 39, 2),
(1636, 'GENARO GERMAN', 'MENDOZA ROMERO', 1, 40, 2),
(1637, 'GUSTAVO FERNANDO', 'MORAN JHONCON', 1, 19, 2),
(1638, 'RAUL', 'DE JESUS MARTINEZ', 1, 15, 2),
(1639, 'LUIS', 'CUMPA LLONTOP', 1, 15, 2),
(1640, 'CHARLES WALTER ALFONSO', 'GARCIA DONAYRES', 1, 16, 2),
(1641, 'LUIS ALBERTO', 'FARIAS PESUA', 1, 16, 2),
(1642, 'ALFREDO GRIMALDO', 'GALLEGOS VILLAVICENCIO', 1, 18, 2),
(1643, 'BENNY JACKSON', 'FLORES SANCHEZ', 1, 18, 2),
(1644, 'JIMMY EDUARDO', 'CASTILLO MU?OZ', 1, 19, 2),
(1645, 'VICTOR MANUEL', 'CUADROS AGREDA', 1, 19, 2),
(1646, 'EDUARDO', 'CHAPA SOSA', 1, 15, 2),
(1647, 'VICTOR HUGO', 'CASTILLO DIAZ', 1, 15, 2),
(1648, 'ANTONIO RAYMUNDO', 'LOPEZ SALAZAR', 1, 16, 2),
(1649, 'FRANKLIN MACDONALD', 'ESCOBEDO APESTEGUI', 1, 16, 2),
(1650, 'CLARA ROSA', 'GARCIA AREVALO', 1, 15, 1),
(1651, 'OSEAS RAUL', 'HUATUCO SOTO', 1, 16, 2),
(1652, 'WALTER ISAIAS', 'ANAMARIA HUAMANTUMBA', 1, 2, 2),
(1653, 'SILVIA ANGELICA', 'NARAZA GONZALES', 1, 15, 1),
(1654, 'JUVENCIO GALINDO', 'CASANOVA VILCA', 1, 15, 2),
(1655, 'CARLOS HERASMO', 'MELGAR HUMALA', 1, 18, 2),
(1656, 'Luz Victoria', 'PE?A MU?OZ DE PE?A', 1, 2, 1),
(1657, 'DANTE OMAR', 'CAMPOS GUERRERO', 1, 39, 2),
(1658, 'ROGER', 'HERNANDEZ CHUFANDAMA', 1, 40, 2),
(1659, 'ONIA MAXIMILIANA', 'SEBASTI?N ABAD', 5, 27, 1),
(1660, 'RENATO', 'TARAZONA FLORES', 5, 27, 2),
(1661, 'SARA', 'MARTEL FABI?N', 5, 22, 1),
(1662, 'LINDA MARJORY', 'ROSALES VILLAVICENCIO', 7, 27, 1),
(1663, 'ALAIN ROSEMBERG', 'SOSA CAMPOS', 7, 23, 2),
(1664, 'GISELLA', 'DAVILA DAVILA', 7, 27, 1),
(1665, 'MARITZA', 'TORRES TORRES', 7, 27, 1),
(1666, 'JUAN JOSE', 'ZAVALETA ROBALINO', 7, 23, 2),
(1667, 'KARLA ROSARIO', 'VELA RIOS', 24, 27, 1),
(1668, 'DEIDI', 'DAVILA MOZOMBITE', 24, 27, 1),
(1669, 'JUANA GUMERCINDA', 'PERALTA DE MENESES', 24, 46, 1),
(1670, 'DAVID', 'TAPULLIMA HUAYCAMA', 24, 27, 2),
(1671, 'CESAR MIGUEL', 'TORRES REATEGUI', 24, 46, 2),
(1672, 'ALBERTO NICANOR', 'HERRERA RAMIREZ', 24, 46, 2),
(1673, 'EULALIA', 'CONDORI TAIPE', 24, 46, 1),
(1674, 'LIDIA', 'MORALES HUILLCAS', 24, 46, 1),
(1675, 'JANISSE', 'REATEGUI RAMIREZ', 24, 27, 1),
(1676, 'BRAULIO ROPER', 'RUIZ CESPEDES', 24, 27, 2),
(1677, 'SEGUNDO JOSE', 'MATTOS TRUJILLO', 24, 13, 2),
(1678, 'ROSARIO AGUSTIN', 'DE LA CRUZ ORE', 24, 13, 2),
(1679, 'NEFTALI', 'LUCERO SARMIENTO', 24, 13, 2),
(1680, 'KELLY', 'MARCHENA CAMPOS', 24, 27, 1),
(1681, 'ELIZABETH JESSICA', 'PINZAS SANTIAGO', 24, 27, 1),
(1682, 'GISELLA MITSY', 'LIMA VILLAFUERTE', 24, 32, 1),
(1683, 'NAIR', 'HIDALGO SALDA?A', 24, 32, 1),
(1684, 'YACQUELINE STEFANY', 'FELIX PACHAS', 24, 32, 1),
(1685, 'JUDITH GIMENA', 'NACION ALBINO', 24, 32, 1),
(1686, 'WILLIAM', 'CARDENAS SANDOVAL', 24, 32, 2),
(1687, 'Yaqueline Vanesa', 'Mendoza sanchez', 24, 32, 1),
(1688, 'MIJAEL', 'CABRERA CANDIOTE', 24, 32, 2),
(1689, 'Alex Heisler', 'Campos Verdi', 24, 32, 2),
(1691, 'marcos', 'pure', 0, 0, 0),
(1692, 'marcos', 'pure', 21, 21, 1),
(1693, 'axe', 'axe', 0, 0, 0),
(1694, 'axel', 'axel', 0, 0, 0),
(1695, 'marcos', 'marcos', 0, 15, 1),
(1699, 'MIGUEL CIRILO', 'BERROCAL NAPAN', 1, 44, 2);

--
-- Índices para tablas volcadas
--

--
-- Indices de la tabla `usuario`
--
ALTER TABLE `usuario`
  ADD PRIMARY KEY (`id`);
COMMIT;

/*!40101 SET CHARACTER_SET_CLIENT=@OLD_CHARACTER_SET_CLIENT */;
/*!40101 SET CHARACTER_SET_RESULTS=@OLD_CHARACTER_SET_RESULTS */;
/*!40101 SET COLLATION_CONNECTION=@OLD_COLLATION_CONNECTION */;
